model,wordnet_id,reward
deepfloyd_if-i-xl-v1.0,41161074,0.3278396725654602
deepfloyd_if-i-xl-v1.0,31391857,-0.14151033759117126
deepfloyd_if-i-xl-v1.0,71828875,-0.38180577754974365
deepfloyd_if-i-xl-v1.0,5752544,-0.041837964206933975
deepfloyd_if-i-xl-v1.0,51314050,1.41017484664917
deepfloyd_if-i-xl-v1.0,98319500,-0.6175763607025146
deepfloyd_if-i-xl-v1.0,14195315,0.36078912019729614
deepfloyd_if-i-xl-v1.0,1707698,0.7381973266601562
deepfloyd_if-i-xl-v1.0,91790573,0.9787694215774536
deepfloyd_if-i-xl-v1.0,55457672,-1.015590786933899
deepfloyd_if-i-xl-v1.0,86714939,0.4562181532382965
deepfloyd_if-i-xl-v1.0,1317294,0.2692868709564209
deepfloyd_if-i-xl-v1.0,76425345,0.09428346902132034
deepfloyd_if-i-xl-v1.0,43301379,-0.42570245265960693
deepfloyd_if-i-xl-v1.0,90244932,0.369610995054245
deepfloyd_if-i-xl-v1.0,98195317,0.2608144283294678
deepfloyd_if-i-xl-v1.0,20471134,-0.17759521305561066
deepfloyd_if-i-xl-v1.0,24808131,-0.5457026362419128
deepfloyd_if-i-xl-v1.0,57729980,-1.2093838453292847
deepfloyd_if-i-xl-v1.0,91368797,0.08178170770406723
deepfloyd_if-i-xl-v1.0,45418454,0.7839834094047546
deepfloyd_if-i-xl-v1.0,3748162,0.23886820673942566
deepfloyd_if-i-xl-v1.0,1321854,1.195327639579773
deepfloyd_if-i-xl-v1.0,40945115,-1.376899242401123
deepfloyd_if-i-xl-v1.0,87574583,-0.7837479114532471
deepfloyd_if-i-xl-v1.0,49358811,-1.5015382766723633
deepfloyd_if-i-xl-v1.0,96521920,-0.7773511409759521
deepfloyd_if-i-xl-v1.0,1209135,0.04373260959982872
deepfloyd_if-i-xl-v1.0,25685207,-1.707322359085083
deepfloyd_if-i-xl-v1.0,79606917,-1.065908670425415
deepfloyd_if-i-xl-v1.0,44621915,-0.4962526261806488
deepfloyd_if-i-xl-v1.0,98642787,0.7305000424385071
deepfloyd_if-i-xl-v1.0,93256557,0.43433254957199097
deepfloyd_if-i-xl-v1.0,73051579,-0.2719555199146271
deepfloyd_if-i-xl-v1.0,1516071,-0.8376731276512146
deepfloyd_if-i-xl-v1.0,60375309,-0.06731428951025009
deepfloyd_if-i-xl-v1.0,5219923,0.8158854246139526
deepfloyd_if-i-xl-v1.0,10548623,-0.21973392367362976
deepfloyd_if-i-xl-v1.0,55658809,-0.45065462589263916
deepfloyd_if-i-xl-v1.0,7710616,0.3699876666069031
deepfloyd_if-i-xl-v1.0,68246844,-0.29712745547294617
deepfloyd_if-i-xl-v1.0,55191509,-0.8087571263313293
deepfloyd_if-i-xl-v1.0,99178779,1.1832467317581177
deepfloyd_if-i-xl-v1.0,46150029,-0.4938261806964874
deepfloyd_if-i-xl-v1.0,38954086,-1.1194127798080444
deepfloyd_if-i-xl-v1.0,717468,1.1422353982925415
deepfloyd_if-i-xl-v1.0,65890875,-0.2186896651983261
deepfloyd_if-i-xl-v1.0,60214770,0.17744316160678864
deepfloyd_if-i-xl-v1.0,76100398,0.5988278985023499
deepfloyd_if-i-xl-v1.0,55812974,0.3354648947715759
deepfloyd_if-i-xl-v1.0,95737828,-0.32024067640304565
deepfloyd_if-i-xl-v1.0,9020389,1.5497157573699951
deepfloyd_if-i-xl-v1.0,11460338,0.1886117309331894
deepfloyd_if-i-xl-v1.0,2241569,0.6836512088775635
deepfloyd_if-i-xl-v1.0,31196176,-0.37868615984916687
deepfloyd_if-i-xl-v1.0,3309110,-0.9709857106208801
deepfloyd_if-i-xl-v1.0,99211012,0.1417749524116516
deepfloyd_if-i-xl-v1.0,43735560,0.8133964538574219
deepfloyd_if-i-xl-v1.0,7698915,0.4929472804069519
deepfloyd_if-i-xl-v1.0,80540387,-0.9271154403686523
deepfloyd_if-i-xl-v1.0,9427682,-1.1882175207138062
deepfloyd_if-i-xl-v1.0,10024569,-0.9805022478103638
deepfloyd_if-i-xl-v1.0,71591839,-1.2073707580566406
deepfloyd_if-i-xl-v1.0,14550987,0.03609205037355423
deepfloyd_if-i-xl-v1.0,74175857,0.12398648262023926
deepfloyd_if-i-xl-v1.0,51060824,0.1611267477273941
deepfloyd_if-i-xl-v1.0,75964288,-0.4897652268409729
deepfloyd_if-i-xl-v1.0,47552953,1.5166438817977905
deepfloyd_if-i-xl-v1.0,3907654,0.28362974524497986
deepfloyd_if-i-xl-v1.0,6883725,-0.528913676738739
deepfloyd_if-i-xl-v1.0,63633117,0.7739740014076233
deepfloyd_if-i-xl-v1.0,62408818,0.32243916392326355
deepfloyd_if-i-xl-v1.0,49054805,0.5186290740966797
deepfloyd_if-i-xl-v1.0,64576544,-1.1935676336288452
deepfloyd_if-i-xl-v1.0,37319253,0.765221357345581
deepfloyd_if-i-xl-v1.0,66668538,0.5797247290611267
deepfloyd_if-i-xl-v1.0,67949798,1.0157724618911743
deepfloyd_if-i-xl-v1.0,7109847,0.09460132569074631
deepfloyd_if-i-xl-v1.0,10080493,-0.3787144720554352
deepfloyd_if-i-xl-v1.0,41031648,-0.09344819188117981
deepfloyd_if-i-xl-v1.0,3131388,-0.5359045267105103
deepfloyd_if-i-xl-v1.0,73600586,-0.17931535840034485
deepfloyd_if-i-xl-v1.0,53815934,-0.058944933116436005
deepfloyd_if-i-xl-v1.0,4345028,0.653123676776886
deepfloyd_if-i-xl-v1.0,8124208,-0.7141939997673035
deepfloyd_if-i-xl-v1.0,399030,-0.3329567313194275
deepfloyd_if-i-xl-v1.0,14140678,0.3236315846443176
deepfloyd_if-i-xl-v1.0,232386,0.42229312658309937
deepfloyd_if-i-xl-v1.0,7606419,-0.9458982944488525
deepfloyd_if-i-xl-v1.0,86119145,-0.015891460701823235
deepfloyd_if-i-xl-v1.0,29161294,0.3698408007621765
deepfloyd_if-i-xl-v1.0,7854455,0.40221384167671204
deepfloyd_if-i-xl-v1.0,2870880,0.27287808060646057
deepfloyd_if-i-xl-v1.0,7150023,0.4064715802669525
deepfloyd_if-i-xl-v1.0,20017667,0.34551873803138733
deepfloyd_if-i-xl-v1.0,17002912,-0.18715158104896545
deepfloyd_if-i-xl-v1.0,14533937,0.39812788367271423
deepfloyd_if-i-xl-v1.0,8095160,-0.19405850768089294
deepfloyd_if-i-xl-v1.0,77358840,0.41346558928489685
pixart-alpha_pixart-sigma-xl-2-512-ms,41161074,-0.49315914511680603
pixart-alpha_pixart-sigma-xl-2-512-ms,31391857,-0.09197153151035309
pixart-alpha_pixart-sigma-xl-2-512-ms,71828875,-0.2264697551727295
pixart-alpha_pixart-sigma-xl-2-512-ms,5752544,0.9121863842010498
pixart-alpha_pixart-sigma-xl-2-512-ms,51314050,0.8700141310691833
pixart-alpha_pixart-sigma-xl-2-512-ms,98319500,0.05398170277476311
pixart-alpha_pixart-sigma-xl-2-512-ms,14195315,0.3648584485054016
pixart-alpha_pixart-sigma-xl-2-512-ms,1707698,1.3494470119476318
pixart-alpha_pixart-sigma-xl-2-512-ms,91790573,1.4711546897888184
pixart-alpha_pixart-sigma-xl-2-512-ms,55457672,-0.844723641872406
pixart-alpha_pixart-sigma-xl-2-512-ms,86714939,-0.7922965288162231
pixart-alpha_pixart-sigma-xl-2-512-ms,1317294,0.5804843306541443
pixart-alpha_pixart-sigma-xl-2-512-ms,76425345,-0.6254178881645203
pixart-alpha_pixart-sigma-xl-2-512-ms,43301379,0.9186345338821411
pixart-alpha_pixart-sigma-xl-2-512-ms,90244932,1.3744542598724365
pixart-alpha_pixart-sigma-xl-2-512-ms,98195317,1.44194757938385
pixart-alpha_pixart-sigma-xl-2-512-ms,20471134,-0.25006431341171265
pixart-alpha_pixart-sigma-xl-2-512-ms,24808131,-0.3249279260635376
pixart-alpha_pixart-sigma-xl-2-512-ms,57729980,-1.1484397649765015
pixart-alpha_pixart-sigma-xl-2-512-ms,91368797,1.0434576272964478
pixart-alpha_pixart-sigma-xl-2-512-ms,45418454,-0.6217478513717651
pixart-alpha_pixart-sigma-xl-2-512-ms,3748162,1.248816728591919
pixart-alpha_pixart-sigma-xl-2-512-ms,1321854,1.4109609127044678
pixart-alpha_pixart-sigma-xl-2-512-ms,40945115,-1.6251087188720703
pixart-alpha_pixart-sigma-xl-2-512-ms,87574583,1.0858694314956665
pixart-alpha_pixart-sigma-xl-2-512-ms,49358811,0.5479415655136108
pixart-alpha_pixart-sigma-xl-2-512-ms,96521920,0.6454368829727173
pixart-alpha_pixart-sigma-xl-2-512-ms,1209135,-0.3432132601737976
pixart-alpha_pixart-sigma-xl-2-512-ms,25685207,-1.4691133499145508
pixart-alpha_pixart-sigma-xl-2-512-ms,79606917,-0.485544890165329
pixart-alpha_pixart-sigma-xl-2-512-ms,44621915,-0.268343985080719
pixart-alpha_pixart-sigma-xl-2-512-ms,98642787,0.6436588764190674
pixart-alpha_pixart-sigma-xl-2-512-ms,93256557,0.8773890733718872
pixart-alpha_pixart-sigma-xl-2-512-ms,73051579,0.7374181747436523
pixart-alpha_pixart-sigma-xl-2-512-ms,1516071,-0.2629445493221283
pixart-alpha_pixart-sigma-xl-2-512-ms,60375309,-1.0262255668640137
pixart-alpha_pixart-sigma-xl-2-512-ms,5219923,-0.9232596755027771
pixart-alpha_pixart-sigma-xl-2-512-ms,10548623,-0.7868626713752747
pixart-alpha_pixart-sigma-xl-2-512-ms,55658809,-0.382980078458786
pixart-alpha_pixart-sigma-xl-2-512-ms,7710616,0.4041776657104492
pixart-alpha_pixart-sigma-xl-2-512-ms,68246844,-0.44524115324020386
pixart-alpha_pixart-sigma-xl-2-512-ms,55191509,-0.7385021448135376
pixart-alpha_pixart-sigma-xl-2-512-ms,99178779,1.1625840663909912
pixart-alpha_pixart-sigma-xl-2-512-ms,46150029,-0.5420994162559509
pixart-alpha_pixart-sigma-xl-2-512-ms,38954086,-0.5785449147224426
pixart-alpha_pixart-sigma-xl-2-512-ms,717468,0.9151461720466614
pixart-alpha_pixart-sigma-xl-2-512-ms,65890875,0.9702367782592773
pixart-alpha_pixart-sigma-xl-2-512-ms,60214770,0.3106173872947693
pixart-alpha_pixart-sigma-xl-2-512-ms,76100398,1.4443395137786865
pixart-alpha_pixart-sigma-xl-2-512-ms,55812974,0.8508510589599609
pixart-alpha_pixart-sigma-xl-2-512-ms,95737828,-0.2713635265827179
pixart-alpha_pixart-sigma-xl-2-512-ms,9020389,1.630452275276184
pixart-alpha_pixart-sigma-xl-2-512-ms,11460338,-0.10144693404436111
pixart-alpha_pixart-sigma-xl-2-512-ms,2241569,1.6194506883621216
pixart-alpha_pixart-sigma-xl-2-512-ms,31196176,-0.7903256416320801
pixart-alpha_pixart-sigma-xl-2-512-ms,3309110,0.4577403664588928
pixart-alpha_pixart-sigma-xl-2-512-ms,99211012,0.47373124957084656
pixart-alpha_pixart-sigma-xl-2-512-ms,43735560,-0.3318159580230713
pixart-alpha_pixart-sigma-xl-2-512-ms,7698915,0.6951370239257812
pixart-alpha_pixart-sigma-xl-2-512-ms,80540387,-0.3566679060459137
pixart-alpha_pixart-sigma-xl-2-512-ms,9427682,0.874251663684845
pixart-alpha_pixart-sigma-xl-2-512-ms,10024569,-0.9954686760902405
pixart-alpha_pixart-sigma-xl-2-512-ms,71591839,-1.0041192770004272
pixart-alpha_pixart-sigma-xl-2-512-ms,14550987,0.400829941034317
pixart-alpha_pixart-sigma-xl-2-512-ms,74175857,0.42274823784828186
pixart-alpha_pixart-sigma-xl-2-512-ms,51060824,0.3544470965862274
pixart-alpha_pixart-sigma-xl-2-512-ms,75964288,-1.178062081336975
pixart-alpha_pixart-sigma-xl-2-512-ms,47552953,1.425934076309204
pixart-alpha_pixart-sigma-xl-2-512-ms,3907654,0.1340482234954834
pixart-alpha_pixart-sigma-xl-2-512-ms,6883725,0.986865222454071
pixart-alpha_pixart-sigma-xl-2-512-ms,63633117,-0.2120632380247116
pixart-alpha_pixart-sigma-xl-2-512-ms,62408818,1.023245930671692
pixart-alpha_pixart-sigma-xl-2-512-ms,49054805,0.8366795182228088
pixart-alpha_pixart-sigma-xl-2-512-ms,64576544,-1.0389553308486938
pixart-alpha_pixart-sigma-xl-2-512-ms,37319253,1.0873682498931885
pixart-alpha_pixart-sigma-xl-2-512-ms,66668538,0.1232045516371727
pixart-alpha_pixart-sigma-xl-2-512-ms,67949798,0.748165488243103
pixart-alpha_pixart-sigma-xl-2-512-ms,7109847,-0.96418696641922
pixart-alpha_pixart-sigma-xl-2-512-ms,10080493,0.17527496814727783
pixart-alpha_pixart-sigma-xl-2-512-ms,41031648,0.9217074513435364
pixart-alpha_pixart-sigma-xl-2-512-ms,3131388,0.10632871091365814
pixart-alpha_pixart-sigma-xl-2-512-ms,73600586,-0.5328562259674072
pixart-alpha_pixart-sigma-xl-2-512-ms,53815934,-0.43101227283477783
pixart-alpha_pixart-sigma-xl-2-512-ms,4345028,0.7976167798042297
pixart-alpha_pixart-sigma-xl-2-512-ms,8124208,-0.528733491897583
pixart-alpha_pixart-sigma-xl-2-512-ms,399030,0.2034192830324173
pixart-alpha_pixart-sigma-xl-2-512-ms,14140678,-1.245464563369751
pixart-alpha_pixart-sigma-xl-2-512-ms,232386,-1.412060022354126
pixart-alpha_pixart-sigma-xl-2-512-ms,7606419,0.6035202741622925
pixart-alpha_pixart-sigma-xl-2-512-ms,86119145,0.6885648965835571
pixart-alpha_pixart-sigma-xl-2-512-ms,29161294,-0.222512885928154
pixart-alpha_pixart-sigma-xl-2-512-ms,7854455,0.9143806099891663
pixart-alpha_pixart-sigma-xl-2-512-ms,2870880,1.2199530601501465
pixart-alpha_pixart-sigma-xl-2-512-ms,7150023,0.4096253216266632
pixart-alpha_pixart-sigma-xl-2-512-ms,20017667,0.5045648217201233
pixart-alpha_pixart-sigma-xl-2-512-ms,17002912,-0.5030317306518555
pixart-alpha_pixart-sigma-xl-2-512-ms,14533937,-1.1830275058746338
pixart-alpha_pixart-sigma-xl-2-512-ms,8095160,0.5413605570793152
pixart-alpha_pixart-sigma-xl-2-512-ms,77358840,0.35874995589256287
tencent-hunyuan_hunyuandit-v1.2-diffusers,41161074,-0.22633619606494904
tencent-hunyuan_hunyuandit-v1.2-diffusers,31391857,-0.9264012575149536
tencent-hunyuan_hunyuandit-v1.2-diffusers,71828875,0.10796354711055756
tencent-hunyuan_hunyuandit-v1.2-diffusers,5752544,0.27692657709121704
tencent-hunyuan_hunyuandit-v1.2-diffusers,51314050,1.8633018732070923
tencent-hunyuan_hunyuandit-v1.2-diffusers,98319500,0.32105913758277893
tencent-hunyuan_hunyuandit-v1.2-diffusers,14195315,-0.9941146373748779
tencent-hunyuan_hunyuandit-v1.2-diffusers,1707698,0.4996364414691925
tencent-hunyuan_hunyuandit-v1.2-diffusers,91790573,1.3546134233474731
tencent-hunyuan_hunyuandit-v1.2-diffusers,55457672,-1.1341583728790283
tencent-hunyuan_hunyuandit-v1.2-diffusers,86714939,-0.8777375221252441
tencent-hunyuan_hunyuandit-v1.2-diffusers,1317294,1.1016514301300049
tencent-hunyuan_hunyuandit-v1.2-diffusers,76425345,-0.24791473150253296
tencent-hunyuan_hunyuandit-v1.2-diffusers,43301379,0.5762538313865662
tencent-hunyuan_hunyuandit-v1.2-diffusers,90244932,1.4245268106460571
tencent-hunyuan_hunyuandit-v1.2-diffusers,98195317,-0.2948015034198761
tencent-hunyuan_hunyuandit-v1.2-diffusers,20471134,0.5400545597076416
tencent-hunyuan_hunyuandit-v1.2-diffusers,24808131,0.08804260939359665
tencent-hunyuan_hunyuandit-v1.2-diffusers,57729980,-1.309047818183899
tencent-hunyuan_hunyuandit-v1.2-diffusers,91368797,1.5025309324264526
tencent-hunyuan_hunyuandit-v1.2-diffusers,45418454,-0.9681124091148376
tencent-hunyuan_hunyuandit-v1.2-diffusers,3748162,0.16291116178035736
tencent-hunyuan_hunyuandit-v1.2-diffusers,1321854,1.0023462772369385
tencent-hunyuan_hunyuandit-v1.2-diffusers,40945115,-1.78447425365448
tencent-hunyuan_hunyuandit-v1.2-diffusers,87574583,0.6076606512069702
tencent-hunyuan_hunyuandit-v1.2-diffusers,49358811,-0.6929274201393127
tencent-hunyuan_hunyuandit-v1.2-diffusers,96521920,-0.8107811808586121
tencent-hunyuan_hunyuandit-v1.2-diffusers,1209135,-1.6017420291900635
tencent-hunyuan_hunyuandit-v1.2-diffusers,25685207,-1.5845491886138916
tencent-hunyuan_hunyuandit-v1.2-diffusers,79606917,-0.7272244095802307
tencent-hunyuan_hunyuandit-v1.2-diffusers,44621915,-0.7837768793106079
tencent-hunyuan_hunyuandit-v1.2-diffusers,98642787,0.5692223906517029
tencent-hunyuan_hunyuandit-v1.2-diffusers,93256557,0.5532835721969604
tencent-hunyuan_hunyuandit-v1.2-diffusers,73051579,-0.17331573367118835
tencent-hunyuan_hunyuandit-v1.2-diffusers,1516071,-0.2989344000816345
tencent-hunyuan_hunyuandit-v1.2-diffusers,60375309,-0.10990945249795914
tencent-hunyuan_hunyuandit-v1.2-diffusers,5219923,-2.149613380432129
tencent-hunyuan_hunyuandit-v1.2-diffusers,10548623,0.08130162954330444
tencent-hunyuan_hunyuandit-v1.2-diffusers,55658809,-0.3315923810005188
tencent-hunyuan_hunyuandit-v1.2-diffusers,7710616,0.631191074848175
tencent-hunyuan_hunyuandit-v1.2-diffusers,68246844,0.22756674885749817
tencent-hunyuan_hunyuandit-v1.2-diffusers,55191509,0.4774826169013977
tencent-hunyuan_hunyuandit-v1.2-diffusers,99178779,0.6228662729263306
tencent-hunyuan_hunyuandit-v1.2-diffusers,46150029,-1.2999882698059082
tencent-hunyuan_hunyuandit-v1.2-diffusers,38954086,-0.2953867018222809
tencent-hunyuan_hunyuandit-v1.2-diffusers,717468,0.38491153717041016
tencent-hunyuan_hunyuandit-v1.2-diffusers,65890875,0.8961018919944763
tencent-hunyuan_hunyuandit-v1.2-diffusers,60214770,-0.05748404189944267
tencent-hunyuan_hunyuandit-v1.2-diffusers,76100398,1.146403431892395
tencent-hunyuan_hunyuandit-v1.2-diffusers,55812974,-0.4958915710449219
tencent-hunyuan_hunyuandit-v1.2-diffusers,95737828,-0.4690547585487366
tencent-hunyuan_hunyuandit-v1.2-diffusers,9020389,1.60250723361969
tencent-hunyuan_hunyuandit-v1.2-diffusers,11460338,0.025551969185471535
tencent-hunyuan_hunyuandit-v1.2-diffusers,2241569,0.7844681143760681
tencent-hunyuan_hunyuandit-v1.2-diffusers,31196176,0.9371933341026306
tencent-hunyuan_hunyuandit-v1.2-diffusers,3309110,0.07275926321744919
tencent-hunyuan_hunyuandit-v1.2-diffusers,99211012,0.19006460905075073
tencent-hunyuan_hunyuandit-v1.2-diffusers,43735560,-0.632591962814331
tencent-hunyuan_hunyuandit-v1.2-diffusers,7698915,-1.602781057357788
tencent-hunyuan_hunyuandit-v1.2-diffusers,80540387,-1.0362052917480469
tencent-hunyuan_hunyuandit-v1.2-diffusers,9427682,0.5269117951393127
tencent-hunyuan_hunyuandit-v1.2-diffusers,10024569,-0.5789180994033813
tencent-hunyuan_hunyuandit-v1.2-diffusers,71591839,-1.3334578275680542
tencent-hunyuan_hunyuandit-v1.2-diffusers,14550987,0.6292597651481628
tencent-hunyuan_hunyuandit-v1.2-diffusers,74175857,0.12951233983039856
tencent-hunyuan_hunyuandit-v1.2-diffusers,51060824,-0.2966954708099365
tencent-hunyuan_hunyuandit-v1.2-diffusers,75964288,0.6517739295959473
tencent-hunyuan_hunyuandit-v1.2-diffusers,47552953,0.3826417326927185
tencent-hunyuan_hunyuandit-v1.2-diffusers,3907654,-0.0644322857260704
tencent-hunyuan_hunyuandit-v1.2-diffusers,6883725,1.3591163158416748
tencent-hunyuan_hunyuandit-v1.2-diffusers,63633117,0.38039785623550415
tencent-hunyuan_hunyuandit-v1.2-diffusers,62408818,1.0495191812515259
tencent-hunyuan_hunyuandit-v1.2-diffusers,49054805,1.315263271331787
tencent-hunyuan_hunyuandit-v1.2-diffusers,64576544,-0.8388894200325012
tencent-hunyuan_hunyuandit-v1.2-diffusers,37319253,1.692542552947998
tencent-hunyuan_hunyuandit-v1.2-diffusers,66668538,0.5189878344535828
tencent-hunyuan_hunyuandit-v1.2-diffusers,67949798,0.865924060344696
tencent-hunyuan_hunyuandit-v1.2-diffusers,7109847,-0.6560781598091125
tencent-hunyuan_hunyuandit-v1.2-diffusers,10080493,0.2681903839111328
tencent-hunyuan_hunyuandit-v1.2-diffusers,41031648,0.45430052280426025
tencent-hunyuan_hunyuandit-v1.2-diffusers,3131388,0.5530934929847717
tencent-hunyuan_hunyuandit-v1.2-diffusers,73600586,-0.05525549128651619
tencent-hunyuan_hunyuandit-v1.2-diffusers,53815934,-1.1140985488891602
tencent-hunyuan_hunyuandit-v1.2-diffusers,4345028,1.1066447496414185
tencent-hunyuan_hunyuandit-v1.2-diffusers,8124208,-0.53704434633255
tencent-hunyuan_hunyuandit-v1.2-diffusers,399030,0.0972786471247673
tencent-hunyuan_hunyuandit-v1.2-diffusers,14140678,-1.3326305150985718
tencent-hunyuan_hunyuandit-v1.2-diffusers,232386,-1.3068172931671143
tencent-hunyuan_hunyuandit-v1.2-diffusers,7606419,-0.34592488408088684
tencent-hunyuan_hunyuandit-v1.2-diffusers,86119145,0.23346015810966492
tencent-hunyuan_hunyuandit-v1.2-diffusers,29161294,-0.045680221170186996
tencent-hunyuan_hunyuandit-v1.2-diffusers,7854455,0.4919991195201874
tencent-hunyuan_hunyuandit-v1.2-diffusers,2870880,0.6471884250640869
tencent-hunyuan_hunyuandit-v1.2-diffusers,7150023,0.010492825880646706
tencent-hunyuan_hunyuandit-v1.2-diffusers,20017667,0.4665071368217468
tencent-hunyuan_hunyuandit-v1.2-diffusers,17002912,-0.6809293031692505
tencent-hunyuan_hunyuandit-v1.2-diffusers,14533937,-1.1640660762786865
tencent-hunyuan_hunyuandit-v1.2-diffusers,8095160,0.8933170437812805
tencent-hunyuan_hunyuandit-v1.2-diffusers,77358840,0.22911615669727325
black-forest-labs_flux.1-dev,41161074,0.5083134174346924
black-forest-labs_flux.1-dev,31391857,-0.22597506642341614
black-forest-labs_flux.1-dev,71828875,-0.6033474206924438
black-forest-labs_flux.1-dev,5752544,-0.5342217683792114
black-forest-labs_flux.1-dev,51314050,-0.6328378319740295
black-forest-labs_flux.1-dev,98319500,0.5817866921424866
black-forest-labs_flux.1-dev,14195315,-0.13365541398525238
black-forest-labs_flux.1-dev,1707698,0.46150726079940796
black-forest-labs_flux.1-dev,91790573,1.7441741228103638
black-forest-labs_flux.1-dev,55457672,-0.6181206703186035
black-forest-labs_flux.1-dev,86714939,-0.07847568392753601
black-forest-labs_flux.1-dev,1317294,1.1844940185546875
black-forest-labs_flux.1-dev,76425345,-0.7857906222343445
black-forest-labs_flux.1-dev,43301379,0.9500699639320374
black-forest-labs_flux.1-dev,90244932,1.1838245391845703
black-forest-labs_flux.1-dev,98195317,1.5112018585205078
black-forest-labs_flux.1-dev,20471134,0.2925995886325836
black-forest-labs_flux.1-dev,24808131,-1.2834714651107788
black-forest-labs_flux.1-dev,57729980,-0.9755169749259949
black-forest-labs_flux.1-dev,91368797,1.202208161354065
black-forest-labs_flux.1-dev,45418454,-0.22419698536396027
black-forest-labs_flux.1-dev,3748162,-0.2389684021472931
black-forest-labs_flux.1-dev,1321854,1.7735341787338257
black-forest-labs_flux.1-dev,40945115,-2.249971389770508
black-forest-labs_flux.1-dev,87574583,-0.06898757070302963
black-forest-labs_flux.1-dev,49358811,0.5232114195823669
black-forest-labs_flux.1-dev,96521920,-1.0635977983474731
black-forest-labs_flux.1-dev,1209135,-0.26724886894226074
black-forest-labs_flux.1-dev,25685207,-2.168435573577881
black-forest-labs_flux.1-dev,79606917,-1.2103540897369385
black-forest-labs_flux.1-dev,44621915,-0.04997631534934044
black-forest-labs_flux.1-dev,98642787,0.5946206450462341
black-forest-labs_flux.1-dev,93256557,0.9065892100334167
black-forest-labs_flux.1-dev,73051579,-1.2848055362701416
black-forest-labs_flux.1-dev,1516071,-0.37021052837371826
black-forest-labs_flux.1-dev,60375309,-0.5858114957809448
black-forest-labs_flux.1-dev,5219923,0.4659983515739441
black-forest-labs_flux.1-dev,10548623,-0.6486844420433044
black-forest-labs_flux.1-dev,55658809,-0.9589226245880127
black-forest-labs_flux.1-dev,7710616,0.5944126844406128
black-forest-labs_flux.1-dev,68246844,-0.9232873320579529
black-forest-labs_flux.1-dev,55191509,0.3459579050540924
black-forest-labs_flux.1-dev,99178779,1.297509789466858
black-forest-labs_flux.1-dev,46150029,-0.6497822403907776
black-forest-labs_flux.1-dev,38954086,-0.6633726954460144
black-forest-labs_flux.1-dev,717468,1.4900879859924316
black-forest-labs_flux.1-dev,65890875,-1.252468228340149
black-forest-labs_flux.1-dev,60214770,0.10853427648544312
black-forest-labs_flux.1-dev,76100398,1.2163275480270386
black-forest-labs_flux.1-dev,55812974,-1.5710296630859375
black-forest-labs_flux.1-dev,95737828,-1.5264588594436646
black-forest-labs_flux.1-dev,9020389,1.8113150596618652
black-forest-labs_flux.1-dev,11460338,0.04287911206483841
black-forest-labs_flux.1-dev,2241569,1.090040683746338
black-forest-labs_flux.1-dev,31196176,0.7731480002403259
black-forest-labs_flux.1-dev,3309110,0.2040749192237854
black-forest-labs_flux.1-dev,99211012,0.3100578784942627
black-forest-labs_flux.1-dev,43735560,-0.3591039776802063
black-forest-labs_flux.1-dev,7698915,0.41608479619026184
black-forest-labs_flux.1-dev,80540387,-0.5550201535224915
black-forest-labs_flux.1-dev,9427682,-0.6538423895835876
black-forest-labs_flux.1-dev,10024569,0.20261499285697937
black-forest-labs_flux.1-dev,71591839,-0.5139031410217285
black-forest-labs_flux.1-dev,14550987,0.5077142119407654
black-forest-labs_flux.1-dev,74175857,-0.23909790813922882
black-forest-labs_flux.1-dev,51060824,-0.40172716975212097
black-forest-labs_flux.1-dev,75964288,-2.173940896987915
black-forest-labs_flux.1-dev,47552953,0.04076484963297844
black-forest-labs_flux.1-dev,3907654,0.251846045255661
black-forest-labs_flux.1-dev,6883725,0.9808588624000549
black-forest-labs_flux.1-dev,63633117,-0.015991494059562683
black-forest-labs_flux.1-dev,62408818,0.5327131152153015
black-forest-labs_flux.1-dev,49054805,0.7844910025596619
black-forest-labs_flux.1-dev,64576544,-1.2746633291244507
black-forest-labs_flux.1-dev,37319253,0.47769489884376526
black-forest-labs_flux.1-dev,66668538,0.6628599762916565
black-forest-labs_flux.1-dev,67949798,-0.864196240901947
black-forest-labs_flux.1-dev,7109847,-0.6111854910850525
black-forest-labs_flux.1-dev,10080493,0.31133002042770386
black-forest-labs_flux.1-dev,41031648,0.5697809457778931
black-forest-labs_flux.1-dev,3131388,-1.321681022644043
black-forest-labs_flux.1-dev,73600586,-0.8301162719726562
black-forest-labs_flux.1-dev,53815934,0.4123765230178833
black-forest-labs_flux.1-dev,4345028,-1.5654226541519165
black-forest-labs_flux.1-dev,8124208,0.39481836557388306
black-forest-labs_flux.1-dev,399030,-0.458962619304657
black-forest-labs_flux.1-dev,14140678,0.3841273784637451
black-forest-labs_flux.1-dev,232386,-0.7198149561882019
black-forest-labs_flux.1-dev,7606419,-1.0716882944107056
black-forest-labs_flux.1-dev,86119145,0.5398761630058289
black-forest-labs_flux.1-dev,29161294,-0.051688846200704575
black-forest-labs_flux.1-dev,7854455,0.06891472637653351
black-forest-labs_flux.1-dev,2870880,0.8461484909057617
black-forest-labs_flux.1-dev,7150023,1.285143256187439
black-forest-labs_flux.1-dev,20017667,0.6383756399154663
black-forest-labs_flux.1-dev,17002912,-0.28564801812171936
black-forest-labs_flux.1-dev,14533937,-0.679305374622345
black-forest-labs_flux.1-dev,8095160,-0.27525442838668823
black-forest-labs_flux.1-dev,77358840,1.1768858432769775
kandinsky-community_kandinsky-3,41161074,0.9756773114204407
kandinsky-community_kandinsky-3,31391857,0.017649810761213303
kandinsky-community_kandinsky-3,71828875,-0.7456191182136536
kandinsky-community_kandinsky-3,5752544,0.41172483563423157
kandinsky-community_kandinsky-3,51314050,1.1401352882385254
kandinsky-community_kandinsky-3,98319500,0.6086167693138123
kandinsky-community_kandinsky-3,14195315,0.3613905608654022
kandinsky-community_kandinsky-3,1707698,1.2205129861831665
kandinsky-community_kandinsky-3,91790573,1.622153878211975
kandinsky-community_kandinsky-3,55457672,-0.6204327940940857
kandinsky-community_kandinsky-3,86714939,-0.5528699159622192
kandinsky-community_kandinsky-3,1317294,0.10478595644235611
kandinsky-community_kandinsky-3,76425345,-0.7090184092521667
kandinsky-community_kandinsky-3,43301379,0.638819694519043
kandinsky-community_kandinsky-3,90244932,1.0525957345962524
kandinsky-community_kandinsky-3,98195317,0.28143754601478577
kandinsky-community_kandinsky-3,20471134,-0.27097851037979126
kandinsky-community_kandinsky-3,24808131,-0.48416054248809814
kandinsky-community_kandinsky-3,57729980,-1.613987922668457
kandinsky-community_kandinsky-3,91368797,1.2034231424331665
kandinsky-community_kandinsky-3,45418454,0.2918836772441864
kandinsky-community_kandinsky-3,3748162,0.6659494042396545
kandinsky-community_kandinsky-3,1321854,0.9987021684646606
kandinsky-community_kandinsky-3,40945115,-0.32749247550964355
kandinsky-community_kandinsky-3,87574583,-1.142087459564209
kandinsky-community_kandinsky-3,49358811,0.6735110282897949
kandinsky-community_kandinsky-3,96521920,-0.2928515672683716
kandinsky-community_kandinsky-3,1209135,0.09513069689273834
kandinsky-community_kandinsky-3,25685207,-1.0128021240234375
kandinsky-community_kandinsky-3,79606917,-0.6485652327537537
kandinsky-community_kandinsky-3,44621915,-0.34774377942085266
kandinsky-community_kandinsky-3,98642787,0.031364500522613525
kandinsky-community_kandinsky-3,93256557,0.7739250063896179
kandinsky-community_kandinsky-3,73051579,0.48528099060058594
kandinsky-community_kandinsky-3,1516071,-0.08416882902383804
kandinsky-community_kandinsky-3,60375309,0.3392651081085205
kandinsky-community_kandinsky-3,5219923,-2.236743927001953
kandinsky-community_kandinsky-3,10548623,-0.23022498190402985
kandinsky-community_kandinsky-3,55658809,-0.3955953121185303
kandinsky-community_kandinsky-3,7710616,-0.015492751263082027
kandinsky-community_kandinsky-3,68246844,-0.747647762298584
kandinsky-community_kandinsky-3,55191509,1.2378195524215698
kandinsky-community_kandinsky-3,99178779,1.6220802068710327
kandinsky-community_kandinsky-3,46150029,-0.6668681502342224
kandinsky-community_kandinsky-3,38954086,-0.1991361379623413
kandinsky-community_kandinsky-3,717468,1.105482816696167
kandinsky-community_kandinsky-3,65890875,0.6588729619979858
kandinsky-community_kandinsky-3,60214770,-0.08655645698308945
kandinsky-community_kandinsky-3,76100398,1.0053060054779053
kandinsky-community_kandinsky-3,55812974,-0.6279948353767395
kandinsky-community_kandinsky-3,95737828,-0.12446082383394241
kandinsky-community_kandinsky-3,9020389,1.5502506494522095
kandinsky-community_kandinsky-3,11460338,-1.0014649629592896
kandinsky-community_kandinsky-3,2241569,1.5551791191101074
kandinsky-community_kandinsky-3,31196176,-0.9572618007659912
kandinsky-community_kandinsky-3,3309110,0.2032776176929474
kandinsky-community_kandinsky-3,99211012,0.08917000144720078
kandinsky-community_kandinsky-3,43735560,-0.11888305097818375
kandinsky-community_kandinsky-3,7698915,-1.3733853101730347
kandinsky-community_kandinsky-3,80540387,-1.5304863452911377
kandinsky-community_kandinsky-3,9427682,-0.6772457957267761
kandinsky-community_kandinsky-3,10024569,-0.09118717908859253
kandinsky-community_kandinsky-3,71591839,-1.3991526365280151
kandinsky-community_kandinsky-3,14550987,0.06738991290330887
kandinsky-community_kandinsky-3,74175857,-0.21146710216999054
kandinsky-community_kandinsky-3,51060824,-0.1202816441655159
kandinsky-community_kandinsky-3,75964288,-0.2374875694513321
kandinsky-community_kandinsky-3,47552953,1.3272784948349
kandinsky-community_kandinsky-3,3907654,-0.022925281897187233
kandinsky-community_kandinsky-3,6883725,0.33732926845550537
kandinsky-community_kandinsky-3,63633117,0.2640921175479889
kandinsky-community_kandinsky-3,62408818,0.49075597524642944
kandinsky-community_kandinsky-3,49054805,1.152101993560791
kandinsky-community_kandinsky-3,64576544,-0.7850819230079651
kandinsky-community_kandinsky-3,37319253,1.501272439956665
kandinsky-community_kandinsky-3,66668538,-0.11675233393907547
kandinsky-community_kandinsky-3,67949798,0.5300560593605042
kandinsky-community_kandinsky-3,7109847,0.2986181080341339
kandinsky-community_kandinsky-3,10080493,0.07931749522686005
kandinsky-community_kandinsky-3,41031648,1.2088285684585571
kandinsky-community_kandinsky-3,3131388,-0.7008329629898071
kandinsky-community_kandinsky-3,73600586,-0.680520236492157
kandinsky-community_kandinsky-3,53815934,-0.2971705198287964
kandinsky-community_kandinsky-3,4345028,0.9499512314796448
kandinsky-community_kandinsky-3,8124208,-0.21486620604991913
kandinsky-community_kandinsky-3,399030,0.18632271885871887
kandinsky-community_kandinsky-3,14140678,-1.035204291343689
kandinsky-community_kandinsky-3,232386,0.017844773828983307
kandinsky-community_kandinsky-3,7606419,-0.5033794641494751
kandinsky-community_kandinsky-3,86119145,1.0897518396377563
kandinsky-community_kandinsky-3,29161294,-0.035102639347314835
kandinsky-community_kandinsky-3,7854455,1.0653592348098755
kandinsky-community_kandinsky-3,2870880,1.1052643060684204
kandinsky-community_kandinsky-3,7150023,0.3944709897041321
kandinsky-community_kandinsky-3,20017667,0.76780766248703
kandinsky-community_kandinsky-3,17002912,-0.20446915924549103
kandinsky-community_kandinsky-3,14533937,-0.20316539704799652
kandinsky-community_kandinsky-3,8095160,0.48804306983947754
kandinsky-community_kandinsky-3,77358840,0.9644135236740112
playgroundai_playground-v2.5-1024px-aesthetic,41161074,1.3401755094528198
playgroundai_playground-v2.5-1024px-aesthetic,31391857,0.5792276859283447
playgroundai_playground-v2.5-1024px-aesthetic,71828875,0.5112832188606262
playgroundai_playground-v2.5-1024px-aesthetic,5752544,1.0833072662353516
playgroundai_playground-v2.5-1024px-aesthetic,51314050,0.6311141848564148
playgroundai_playground-v2.5-1024px-aesthetic,98319500,0.3878282904624939
playgroundai_playground-v2.5-1024px-aesthetic,14195315,-0.08780190348625183
playgroundai_playground-v2.5-1024px-aesthetic,1707698,1.3550156354904175
playgroundai_playground-v2.5-1024px-aesthetic,91790573,1.486293077468872
playgroundai_playground-v2.5-1024px-aesthetic,55457672,0.15645146369934082
playgroundai_playground-v2.5-1024px-aesthetic,86714939,-0.3478216826915741
playgroundai_playground-v2.5-1024px-aesthetic,1317294,1.4424093961715698
playgroundai_playground-v2.5-1024px-aesthetic,76425345,0.9340665340423584
playgroundai_playground-v2.5-1024px-aesthetic,43301379,1.509880542755127
playgroundai_playground-v2.5-1024px-aesthetic,90244932,1.1734660863876343
playgroundai_playground-v2.5-1024px-aesthetic,98195317,0.5251052975654602
playgroundai_playground-v2.5-1024px-aesthetic,20471134,-0.31255289912223816
playgroundai_playground-v2.5-1024px-aesthetic,24808131,0.1859886348247528
playgroundai_playground-v2.5-1024px-aesthetic,57729980,-0.7706276774406433
playgroundai_playground-v2.5-1024px-aesthetic,91368797,1.4444128274917603
playgroundai_playground-v2.5-1024px-aesthetic,45418454,1.3401943445205688
playgroundai_playground-v2.5-1024px-aesthetic,3748162,0.4107455015182495
playgroundai_playground-v2.5-1024px-aesthetic,1321854,1.6524535417556763
playgroundai_playground-v2.5-1024px-aesthetic,40945115,-1.392603874206543
playgroundai_playground-v2.5-1024px-aesthetic,87574583,0.5694075226783752
playgroundai_playground-v2.5-1024px-aesthetic,49358811,0.8196375966072083
playgroundai_playground-v2.5-1024px-aesthetic,96521920,0.41391780972480774
playgroundai_playground-v2.5-1024px-aesthetic,1209135,-0.3306226432323456
playgroundai_playground-v2.5-1024px-aesthetic,25685207,-1.1804263591766357
playgroundai_playground-v2.5-1024px-aesthetic,79606917,0.18303412199020386
playgroundai_playground-v2.5-1024px-aesthetic,44621915,0.5953874588012695
playgroundai_playground-v2.5-1024px-aesthetic,98642787,0.6708968877792358
playgroundai_playground-v2.5-1024px-aesthetic,93256557,0.6655651330947876
playgroundai_playground-v2.5-1024px-aesthetic,73051579,1.019720435142517
playgroundai_playground-v2.5-1024px-aesthetic,1516071,-0.4956386983394623
playgroundai_playground-v2.5-1024px-aesthetic,60375309,0.12969240546226501
playgroundai_playground-v2.5-1024px-aesthetic,5219923,0.8108932971954346
playgroundai_playground-v2.5-1024px-aesthetic,10548623,0.11233759671449661
playgroundai_playground-v2.5-1024px-aesthetic,55658809,-1.0593621730804443
playgroundai_playground-v2.5-1024px-aesthetic,7710616,0.9571497440338135
playgroundai_playground-v2.5-1024px-aesthetic,68246844,0.864212155342102
playgroundai_playground-v2.5-1024px-aesthetic,55191509,0.7642588019371033
playgroundai_playground-v2.5-1024px-aesthetic,99178779,0.9700958132743835
playgroundai_playground-v2.5-1024px-aesthetic,46150029,-0.5752781629562378
playgroundai_playground-v2.5-1024px-aesthetic,38954086,-0.297206848859787
playgroundai_playground-v2.5-1024px-aesthetic,717468,1.6997010707855225
playgroundai_playground-v2.5-1024px-aesthetic,65890875,0.5544789433479309
playgroundai_playground-v2.5-1024px-aesthetic,60214770,0.45608991384506226
playgroundai_playground-v2.5-1024px-aesthetic,76100398,1.070579171180725
playgroundai_playground-v2.5-1024px-aesthetic,55812974,0.2155500054359436
playgroundai_playground-v2.5-1024px-aesthetic,95737828,0.13589581847190857
playgroundai_playground-v2.5-1024px-aesthetic,9020389,1.602837085723877
playgroundai_playground-v2.5-1024px-aesthetic,11460338,-0.12487561255693436
playgroundai_playground-v2.5-1024px-aesthetic,2241569,1.2774311304092407
playgroundai_playground-v2.5-1024px-aesthetic,31196176,0.960680365562439
playgroundai_playground-v2.5-1024px-aesthetic,3309110,-1.3343520164489746
playgroundai_playground-v2.5-1024px-aesthetic,99211012,0.4636388123035431
playgroundai_playground-v2.5-1024px-aesthetic,43735560,0.25425592064857483
playgroundai_playground-v2.5-1024px-aesthetic,7698915,1.4216203689575195
playgroundai_playground-v2.5-1024px-aesthetic,80540387,-1.1000086069107056
playgroundai_playground-v2.5-1024px-aesthetic,9427682,-0.3775325417518616
playgroundai_playground-v2.5-1024px-aesthetic,10024569,-0.10641704499721527
playgroundai_playground-v2.5-1024px-aesthetic,71591839,-1.0032883882522583
playgroundai_playground-v2.5-1024px-aesthetic,14550987,0.7698685526847839
playgroundai_playground-v2.5-1024px-aesthetic,74175857,0.04004257544875145
playgroundai_playground-v2.5-1024px-aesthetic,51060824,0.010947068221867085
playgroundai_playground-v2.5-1024px-aesthetic,75964288,0.6437274813652039
playgroundai_playground-v2.5-1024px-aesthetic,47552953,0.28945598006248474
playgroundai_playground-v2.5-1024px-aesthetic,3907654,0.5292806625366211
playgroundai_playground-v2.5-1024px-aesthetic,6883725,1.5339394807815552
playgroundai_playground-v2.5-1024px-aesthetic,63633117,0.5082887411117554
playgroundai_playground-v2.5-1024px-aesthetic,62408818,0.5842111110687256
playgroundai_playground-v2.5-1024px-aesthetic,49054805,1.387107491493225
playgroundai_playground-v2.5-1024px-aesthetic,64576544,-0.33708590269088745
playgroundai_playground-v2.5-1024px-aesthetic,37319253,1.4775924682617188
playgroundai_playground-v2.5-1024px-aesthetic,66668538,0.836628258228302
playgroundai_playground-v2.5-1024px-aesthetic,67949798,0.648715078830719
playgroundai_playground-v2.5-1024px-aesthetic,7109847,1.1412543058395386
playgroundai_playground-v2.5-1024px-aesthetic,10080493,0.38574931025505066
playgroundai_playground-v2.5-1024px-aesthetic,41031648,0.9313031435012817
playgroundai_playground-v2.5-1024px-aesthetic,3131388,0.4846682548522949
playgroundai_playground-v2.5-1024px-aesthetic,73600586,0.187661275267601
playgroundai_playground-v2.5-1024px-aesthetic,53815934,-0.2754700183868408
playgroundai_playground-v2.5-1024px-aesthetic,4345028,1.301407814025879
playgroundai_playground-v2.5-1024px-aesthetic,8124208,-0.40076130628585815
playgroundai_playground-v2.5-1024px-aesthetic,399030,0.2597583532333374
playgroundai_playground-v2.5-1024px-aesthetic,14140678,0.21299603581428528
playgroundai_playground-v2.5-1024px-aesthetic,232386,-0.5879721641540527
playgroundai_playground-v2.5-1024px-aesthetic,7606419,-0.44179558753967285
playgroundai_playground-v2.5-1024px-aesthetic,86119145,0.5061826109886169
playgroundai_playground-v2.5-1024px-aesthetic,29161294,-0.1508781760931015
playgroundai_playground-v2.5-1024px-aesthetic,7854455,0.9690792560577393
playgroundai_playground-v2.5-1024px-aesthetic,2870880,1.390937089920044
playgroundai_playground-v2.5-1024px-aesthetic,7150023,1.3869123458862305
playgroundai_playground-v2.5-1024px-aesthetic,20017667,0.41953882575035095
playgroundai_playground-v2.5-1024px-aesthetic,17002912,0.5457594394683838
playgroundai_playground-v2.5-1024px-aesthetic,14533937,-0.2933543920516968
playgroundai_playground-v2.5-1024px-aesthetic,8095160,-0.1428069919347763
playgroundai_playground-v2.5-1024px-aesthetic,77358840,1.4963427782058716
prompthero_openjourney,41161074,-0.8745768666267395
prompthero_openjourney,31391857,0.531786322593689
prompthero_openjourney,71828875,-0.41178202629089355
prompthero_openjourney,5752544,-0.23793043196201324
prompthero_openjourney,51314050,0.015352555550634861
prompthero_openjourney,98319500,0.2221859246492386
prompthero_openjourney,14195315,-0.7900519967079163
prompthero_openjourney,1707698,1.4095467329025269
prompthero_openjourney,91790573,0.15237821638584137
prompthero_openjourney,55457672,-2.2567026615142822
prompthero_openjourney,86714939,-1.5850027799606323
prompthero_openjourney,1317294,0.10289148986339569
prompthero_openjourney,76425345,-0.647057056427002
prompthero_openjourney,43301379,0.09829138964414597
prompthero_openjourney,90244932,1.2404472827911377
prompthero_openjourney,98195317,0.6699979305267334
prompthero_openjourney,20471134,-1.5846507549285889
prompthero_openjourney,24808131,-1.0208194255828857
prompthero_openjourney,57729980,-1.6298047304153442
prompthero_openjourney,91368797,0.35819414258003235
prompthero_openjourney,45418454,-0.2598870098590851
prompthero_openjourney,3748162,0.4430692195892334
prompthero_openjourney,1321854,1.1604604721069336
prompthero_openjourney,40945115,-1.5463643074035645
prompthero_openjourney,87574583,0.9755887389183044
prompthero_openjourney,49358811,-0.696356475353241
prompthero_openjourney,96521920,-0.473749577999115
prompthero_openjourney,1209135,-1.0271408557891846
prompthero_openjourney,25685207,-0.6871201992034912
prompthero_openjourney,79606917,-1.1871919631958008
prompthero_openjourney,44621915,-0.6727570295333862
prompthero_openjourney,98642787,-0.10054522752761841
prompthero_openjourney,93256557,0.1819925755262375
prompthero_openjourney,73051579,-0.12106629461050034
prompthero_openjourney,1516071,-1.4131875038146973
prompthero_openjourney,60375309,-0.6793279051780701
prompthero_openjourney,5219923,-0.5218658447265625
prompthero_openjourney,10548623,-1.045767068862915
prompthero_openjourney,55658809,-0.5745517611503601
prompthero_openjourney,7710616,0.3694530725479126
prompthero_openjourney,68246844,-0.44736650586128235
prompthero_openjourney,55191509,-1.0710800886154175
prompthero_openjourney,99178779,0.7989838123321533
prompthero_openjourney,46150029,-1.519425392150879
prompthero_openjourney,38954086,-0.651395320892334
prompthero_openjourney,717468,0.4850075840950012
prompthero_openjourney,65890875,0.20097245275974274
prompthero_openjourney,60214770,-0.24103553593158722
prompthero_openjourney,76100398,-0.14897871017456055
prompthero_openjourney,55812974,-1.532577395439148
prompthero_openjourney,95737828,-0.3534984588623047
prompthero_openjourney,9020389,1.060227632522583
prompthero_openjourney,11460338,-0.11665529012680054
prompthero_openjourney,2241569,1.2058230638504028
prompthero_openjourney,31196176,-1.5438681840896606
prompthero_openjourney,3309110,-0.8464129567146301
prompthero_openjourney,99211012,0.457813024520874
prompthero_openjourney,43735560,-0.6043267250061035
prompthero_openjourney,7698915,-0.16654248535633087
prompthero_openjourney,80540387,-1.147688388824463
prompthero_openjourney,9427682,-0.2597252428531647
prompthero_openjourney,10024569,-0.6551233530044556
prompthero_openjourney,71591839,-1.0941801071166992
prompthero_openjourney,14550987,0.29394251108169556
prompthero_openjourney,74175857,-0.25906699895858765
prompthero_openjourney,51060824,-1.542907476425171
prompthero_openjourney,75964288,-0.7644529342651367
prompthero_openjourney,47552953,0.0007305082399398088
prompthero_openjourney,3907654,-0.30497685074806213
prompthero_openjourney,6883725,0.4163174331188202
prompthero_openjourney,63633117,-0.9106916189193726
prompthero_openjourney,62408818,0.44224247336387634
prompthero_openjourney,49054805,0.5196373462677002
prompthero_openjourney,64576544,-1.1230223178863525
prompthero_openjourney,37319253,-0.2407488375902176
prompthero_openjourney,66668538,0.5747621059417725
prompthero_openjourney,67949798,0.7737841010093689
prompthero_openjourney,7109847,-0.8703261613845825
prompthero_openjourney,10080493,0.10930265486240387
prompthero_openjourney,41031648,-1.4364893436431885
prompthero_openjourney,3131388,-0.8558312654495239
prompthero_openjourney,73600586,-0.7172275185585022
prompthero_openjourney,53815934,-0.4428492784500122
prompthero_openjourney,4345028,0.5990447402000427
prompthero_openjourney,8124208,-1.2313603162765503
prompthero_openjourney,399030,0.2732306718826294
prompthero_openjourney,14140678,-1.0692695379257202
prompthero_openjourney,232386,-1.2839839458465576
prompthero_openjourney,7606419,-0.22421342134475708
prompthero_openjourney,86119145,0.003561159363016486
prompthero_openjourney,29161294,-0.9767138361930847
prompthero_openjourney,7854455,0.056811388581991196
prompthero_openjourney,2870880,0.7545012831687927
prompthero_openjourney,7150023,0.21257498860359192
prompthero_openjourney,20017667,0.15357717871665955
prompthero_openjourney,17002912,-0.04099421203136444
prompthero_openjourney,14533937,-1.5740439891815186
prompthero_openjourney,8095160,0.5672067999839783
prompthero_openjourney,77358840,0.5107211470603943
retrieval,41161074,-0.29911360144615173
retrieval,31391857,-2.1274197101593018
retrieval,71828875,-1.3462929725646973
retrieval,5752544,-0.5044812560081482
retrieval,51314050,-0.31573501229286194
retrieval,98319500,-0.4294676184654236
retrieval,14195315,-0.8239426016807556
retrieval,1707698,-0.7863077521324158
retrieval,91790573,-0.1839693933725357
retrieval,55457672,0.013925427570939064
retrieval,86714939,-1.0802209377288818
retrieval,1317294,0.2845195531845093
retrieval,76425345,-1.5181665420532227
retrieval,43301379,-1.5384266376495361
retrieval,90244932,-0.009790264070034027
retrieval,98195317,0.8624369502067566
retrieval,20471134,-1.2279006242752075
retrieval,24808131,-0.35157573223114014
retrieval,45418454,-2.092759370803833
retrieval,3748162,-1.5776690244674683
retrieval,1321854,-0.6711157560348511
retrieval,40945115,-2.0661208629608154
retrieval,87574583,-1.790544867515564
retrieval,49358811,-2.2113895416259766
retrieval,96521920,-0.9316563606262207
retrieval,1209135,-1.1128640174865723
retrieval,25685207,-0.4479256570339203
retrieval,79606917,0.2890702784061432
retrieval,44621915,-2.0488922595977783
retrieval,98642787,0.3502598702907562
retrieval,93256557,-2.273249864578247
retrieval,73051579,-0.8775746822357178
retrieval,1516071,-0.5473310351371765
retrieval,60375309,-1.217629313468933
retrieval,5219923,-1.966331124305725
retrieval,10548623,-1.596301794052124
retrieval,55658809,-0.9948719143867493
retrieval,7710616,-0.5969350337982178
retrieval,68246844,-1.46531081199646
retrieval,55191509,-1.3367606401443481
retrieval,99178779,-0.0648687556385994
retrieval,46150029,-1.1421507596969604
retrieval,38954086,-0.9405043721199036
retrieval,717468,0.23653095960617065
retrieval,65890875,-2.2415120601654053
retrieval,60214770,-1.6562745571136475
retrieval,76100398,-0.9905315041542053
retrieval,55812974,-1.1323819160461426
retrieval,95737828,-1.8192033767700195
retrieval,9020389,0.6502998471260071
retrieval,11460338,-0.7760044932365417
retrieval,2241569,-2.1282567977905273
retrieval,31196176,-2.253688097000122
retrieval,3309110,-0.4282868206501007
retrieval,99211012,-0.41710150241851807
retrieval,43735560,-0.9107027053833008
retrieval,7698915,-0.002882102970033884
retrieval,80540387,-1.3053652048110962
retrieval,9427682,-1.1440030336380005
retrieval,10024569,-1.1285920143127441
retrieval,71591839,-1.6608878374099731
retrieval,14550987,-0.8052332401275635
retrieval,74175857,-0.5392002463340759
retrieval,51060824,-1.807543158531189
retrieval,75964288,-1.3959994316101074
retrieval,47552953,-0.6360450983047485
retrieval,3907654,-1.756910800933838
retrieval,6883725,-0.059754278510808945
retrieval,63633117,-0.04326176270842552
retrieval,64576544,-0.5405358076095581
retrieval,37319253,-0.3734927177429199
retrieval,66668538,-0.5969350337982178
retrieval,67949798,-1.0612788200378418
retrieval,7109847,-1.3367606401443481
retrieval,10080493,0.03921118378639221
retrieval,41031648,-1.9377076625823975
retrieval,3131388,-1.968787670135498
retrieval,73600586,-1.6815885305404663
retrieval,53815934,-0.5138726234436035
retrieval,4345028,0.10686162859201431
retrieval,8124208,-1.166811227798462
retrieval,399030,-0.3244858682155609
retrieval,14140678,-1.6043034791946411
retrieval,232386,-1.3280632495880127
retrieval,7606419,-1.1128054857254028
retrieval,29161294,-0.20337486267089844
retrieval,7854455,-0.0903855487704277
retrieval,2870880,0.20522651076316833
retrieval,7150023,0.0007589453016407788
retrieval,20017667,-0.1962180882692337
retrieval,17002912,-1.2142574787139893
retrieval,14533937,-0.6203259229660034
retrieval,8095160,-1.0047857761383057
retrieval,77358840,-1.590644121170044
runwayml_stable-diffusion-v1-5,41161074,-0.1629607379436493
runwayml_stable-diffusion-v1-5,31391857,-1.1030676364898682
runwayml_stable-diffusion-v1-5,71828875,-0.497749388217926
runwayml_stable-diffusion-v1-5,5752544,-0.707020103931427
runwayml_stable-diffusion-v1-5,51314050,0.43445101380348206
runwayml_stable-diffusion-v1-5,98319500,-1.1058562994003296
runwayml_stable-diffusion-v1-5,14195315,-0.30430668592453003
runwayml_stable-diffusion-v1-5,1707698,1.3178377151489258
runwayml_stable-diffusion-v1-5,91790573,-0.6508530974388123
runwayml_stable-diffusion-v1-5,55457672,-1.7060813903808594
runwayml_stable-diffusion-v1-5,86714939,-1.6615287065505981
runwayml_stable-diffusion-v1-5,1317294,-0.20545215904712677
runwayml_stable-diffusion-v1-5,76425345,-0.18684811890125275
runwayml_stable-diffusion-v1-5,43301379,-0.20524585247039795
runwayml_stable-diffusion-v1-5,90244932,1.2504239082336426
runwayml_stable-diffusion-v1-5,98195317,-0.4507504403591156
runwayml_stable-diffusion-v1-5,20471134,-2.2742486000061035
runwayml_stable-diffusion-v1-5,24808131,-0.8480305671691895
runwayml_stable-diffusion-v1-5,57729980,-1.4370653629302979
runwayml_stable-diffusion-v1-5,91368797,0.10311633348464966
runwayml_stable-diffusion-v1-5,45418454,0.9748327732086182
runwayml_stable-diffusion-v1-5,3748162,0.27323010563850403
runwayml_stable-diffusion-v1-5,1321854,1.1829029321670532
runwayml_stable-diffusion-v1-5,40945115,-0.7312211394309998
runwayml_stable-diffusion-v1-5,87574583,-0.6462401151657104
runwayml_stable-diffusion-v1-5,49358811,-2.018481731414795
runwayml_stable-diffusion-v1-5,96521920,-1.3214495182037354
runwayml_stable-diffusion-v1-5,1209135,-1.556234359741211
runwayml_stable-diffusion-v1-5,25685207,-1.7017139196395874
runwayml_stable-diffusion-v1-5,79606917,-0.6503268480300903
runwayml_stable-diffusion-v1-5,44621915,-1.3060595989227295
runwayml_stable-diffusion-v1-5,98642787,0.5466213226318359
runwayml_stable-diffusion-v1-5,93256557,-0.32346463203430176
runwayml_stable-diffusion-v1-5,73051579,0.3248060941696167
runwayml_stable-diffusion-v1-5,1516071,-1.1034454107284546
runwayml_stable-diffusion-v1-5,60375309,-1.2759950160980225
runwayml_stable-diffusion-v1-5,5219923,-1.8257277011871338
runwayml_stable-diffusion-v1-5,10548623,-0.710479736328125
runwayml_stable-diffusion-v1-5,55658809,0.15509460866451263
runwayml_stable-diffusion-v1-5,7710616,0.5433790683746338
runwayml_stable-diffusion-v1-5,68246844,-0.051212411373853683
runwayml_stable-diffusion-v1-5,55191509,-1.6127612590789795
runwayml_stable-diffusion-v1-5,99178779,0.7217562198638916
runwayml_stable-diffusion-v1-5,46150029,-1.6818464994430542
runwayml_stable-diffusion-v1-5,38954086,-0.7657920718193054
runwayml_stable-diffusion-v1-5,717468,1.5525585412979126
runwayml_stable-diffusion-v1-5,65890875,0.39794838428497314
runwayml_stable-diffusion-v1-5,60214770,-1.135611653327942
runwayml_stable-diffusion-v1-5,76100398,-0.1569792926311493
runwayml_stable-diffusion-v1-5,55812974,-1.2395656108856201
runwayml_stable-diffusion-v1-5,95737828,-0.1828632354736328
runwayml_stable-diffusion-v1-5,9020389,1.259170651435852
runwayml_stable-diffusion-v1-5,11460338,-1.046521544456482
runwayml_stable-diffusion-v1-5,2241569,0.8317321538925171
runwayml_stable-diffusion-v1-5,31196176,0.1794096678495407
runwayml_stable-diffusion-v1-5,3309110,-1.1199827194213867
runwayml_stable-diffusion-v1-5,99211012,0.3926699459552765
runwayml_stable-diffusion-v1-5,43735560,0.12156737595796585
runwayml_stable-diffusion-v1-5,7698915,0.4040753245353699
runwayml_stable-diffusion-v1-5,80540387,-0.5864598155021667
runwayml_stable-diffusion-v1-5,9427682,-0.1230359598994255
runwayml_stable-diffusion-v1-5,10024569,-0.7987375855445862
runwayml_stable-diffusion-v1-5,71591839,-1.9683356285095215
runwayml_stable-diffusion-v1-5,14550987,-0.9285168647766113
runwayml_stable-diffusion-v1-5,74175857,-0.5754296183586121
runwayml_stable-diffusion-v1-5,51060824,-1.6801376342773438
runwayml_stable-diffusion-v1-5,75964288,-0.8492900729179382
runwayml_stable-diffusion-v1-5,47552953,-0.2387232482433319
runwayml_stable-diffusion-v1-5,3907654,0.23728978633880615
runwayml_stable-diffusion-v1-5,6883725,-0.17921192944049835
runwayml_stable-diffusion-v1-5,63633117,-0.7977696657180786
runwayml_stable-diffusion-v1-5,62408818,0.19953595101833344
runwayml_stable-diffusion-v1-5,49054805,0.7753667831420898
runwayml_stable-diffusion-v1-5,64576544,-0.537678062915802
runwayml_stable-diffusion-v1-5,37319253,-0.8161484003067017
runwayml_stable-diffusion-v1-5,66668538,0.2569655179977417
runwayml_stable-diffusion-v1-5,67949798,-1.3113741874694824
runwayml_stable-diffusion-v1-5,7109847,-1.5940450429916382
runwayml_stable-diffusion-v1-5,10080493,-0.004350459668785334
runwayml_stable-diffusion-v1-5,41031648,-0.8559187054634094
runwayml_stable-diffusion-v1-5,3131388,-1.230966567993164
runwayml_stable-diffusion-v1-5,73600586,-0.7750545740127563
runwayml_stable-diffusion-v1-5,53815934,-0.8360210061073303
runwayml_stable-diffusion-v1-5,4345028,-0.38277503848075867
runwayml_stable-diffusion-v1-5,8124208,-0.28786277770996094
runwayml_stable-diffusion-v1-5,399030,-0.6016589403152466
runwayml_stable-diffusion-v1-5,14140678,-0.8253456354141235
runwayml_stable-diffusion-v1-5,232386,-1.4501622915267944
runwayml_stable-diffusion-v1-5,7606419,-0.7040538191795349
runwayml_stable-diffusion-v1-5,86119145,0.1984652727842331
runwayml_stable-diffusion-v1-5,29161294,-0.9806145429611206
runwayml_stable-diffusion-v1-5,7854455,0.4616970121860504
runwayml_stable-diffusion-v1-5,2870880,0.44931527972221375
runwayml_stable-diffusion-v1-5,7150023,-1.3095989227294922
runwayml_stable-diffusion-v1-5,20017667,-0.7415927052497864
runwayml_stable-diffusion-v1-5,17002912,-1.4160438776016235
runwayml_stable-diffusion-v1-5,14533937,-2.2777984142303467
runwayml_stable-diffusion-v1-5,8095160,0.4226434826850891
runwayml_stable-diffusion-v1-5,77358840,-1.1422988176345825
stabilityai_sdxl-turbo,41161074,-1.3033223152160645
stabilityai_sdxl-turbo,31391857,0.29687076807022095
stabilityai_sdxl-turbo,71828875,-0.5323538184165955
stabilityai_sdxl-turbo,5752544,0.6143227219581604
stabilityai_sdxl-turbo,51314050,-2.0460917949676514
stabilityai_sdxl-turbo,98319500,0.22231492400169373
stabilityai_sdxl-turbo,14195315,0.2832493484020233
stabilityai_sdxl-turbo,1707698,0.819585919380188
stabilityai_sdxl-turbo,91790573,0.24783873558044434
stabilityai_sdxl-turbo,55457672,-0.5840324759483337
stabilityai_sdxl-turbo,86714939,1.2282825708389282
stabilityai_sdxl-turbo,1317294,0.715456485748291
stabilityai_sdxl-turbo,76425345,-0.2956216335296631
stabilityai_sdxl-turbo,43301379,0.7492687106132507
stabilityai_sdxl-turbo,90244932,0.6844670176506042
stabilityai_sdxl-turbo,98195317,0.617408812046051
stabilityai_sdxl-turbo,20471134,0.13319531083106995
stabilityai_sdxl-turbo,24808131,0.7499911785125732
stabilityai_sdxl-turbo,57729980,-1.6511659622192383
stabilityai_sdxl-turbo,91368797,0.25507038831710815
stabilityai_sdxl-turbo,45418454,0.23142409324645996
stabilityai_sdxl-turbo,3748162,-0.394022136926651
stabilityai_sdxl-turbo,1321854,-0.8726593852043152
stabilityai_sdxl-turbo,40945115,-1.929756999015808
stabilityai_sdxl-turbo,87574583,0.8439741730690002
stabilityai_sdxl-turbo,49358811,0.7464631795883179
stabilityai_sdxl-turbo,96521920,-0.03774821758270264
stabilityai_sdxl-turbo,1209135,-1.349745273590088
stabilityai_sdxl-turbo,25685207,-0.9625289440155029
stabilityai_sdxl-turbo,79606917,-0.3267515003681183
stabilityai_sdxl-turbo,44621915,-0.2862927317619324
stabilityai_sdxl-turbo,98642787,0.27732300758361816
stabilityai_sdxl-turbo,93256557,-0.29819655418395996
stabilityai_sdxl-turbo,73051579,0.017513077706098557
stabilityai_sdxl-turbo,1516071,-0.6134656071662903
stabilityai_sdxl-turbo,60375309,-0.18718469142913818
stabilityai_sdxl-turbo,5219923,-1.1001592874526978
stabilityai_sdxl-turbo,10548623,0.3699566721916199
stabilityai_sdxl-turbo,55658809,-1.1098777055740356
stabilityai_sdxl-turbo,7710616,-1.062921404838562
stabilityai_sdxl-turbo,68246844,-0.6149821281433105
stabilityai_sdxl-turbo,55191509,0.5698714256286621
stabilityai_sdxl-turbo,99178779,0.985087513923645
stabilityai_sdxl-turbo,46150029,-0.37582722306251526
stabilityai_sdxl-turbo,38954086,-0.5459536910057068
stabilityai_sdxl-turbo,717468,1.3895262479782104
stabilityai_sdxl-turbo,65890875,1.3612593412399292
stabilityai_sdxl-turbo,60214770,0.08063194155693054
stabilityai_sdxl-turbo,76100398,0.5933390855789185
stabilityai_sdxl-turbo,55812974,-0.06905057281255722
stabilityai_sdxl-turbo,95737828,-0.37872064113616943
stabilityai_sdxl-turbo,9020389,0.678289532661438
stabilityai_sdxl-turbo,11460338,-0.41330334544181824
stabilityai_sdxl-turbo,2241569,0.16298502683639526
stabilityai_sdxl-turbo,31196176,0.6095356941223145
stabilityai_sdxl-turbo,3309110,-0.09356218576431274
stabilityai_sdxl-turbo,99211012,0.2619262933731079
stabilityai_sdxl-turbo,43735560,0.1621573120355606
stabilityai_sdxl-turbo,7698915,-0.2366352379322052
stabilityai_sdxl-turbo,80540387,-0.8235117793083191
stabilityai_sdxl-turbo,9427682,-0.7215588092803955
stabilityai_sdxl-turbo,10024569,-0.7184259295463562
stabilityai_sdxl-turbo,71591839,-0.9524783492088318
stabilityai_sdxl-turbo,14550987,0.10896766930818558
stabilityai_sdxl-turbo,74175857,-0.8292974233627319
stabilityai_sdxl-turbo,51060824,-0.811174213886261
stabilityai_sdxl-turbo,75964288,0.6388629674911499
stabilityai_sdxl-turbo,47552953,1.2459025382995605
stabilityai_sdxl-turbo,3907654,0.683174192905426
stabilityai_sdxl-turbo,6883725,0.6873921155929565
stabilityai_sdxl-turbo,63633117,-0.35122621059417725
stabilityai_sdxl-turbo,62408818,0.3093137741088867
stabilityai_sdxl-turbo,49054805,0.7723692059516907
stabilityai_sdxl-turbo,64576544,-0.5449154376983643
stabilityai_sdxl-turbo,37319253,0.7042934894561768
stabilityai_sdxl-turbo,66668538,-1.7119888067245483
stabilityai_sdxl-turbo,67949798,-0.26550915837287903
stabilityai_sdxl-turbo,7109847,0.5726525187492371
stabilityai_sdxl-turbo,10080493,-0.1789681315422058
stabilityai_sdxl-turbo,41031648,0.026548173278570175
stabilityai_sdxl-turbo,3131388,-0.5490745902061462
stabilityai_sdxl-turbo,73600586,-0.3502042889595032
stabilityai_sdxl-turbo,53815934,-0.2122923880815506
stabilityai_sdxl-turbo,4345028,0.1433958113193512
stabilityai_sdxl-turbo,8124208,-0.21636320650577545
stabilityai_sdxl-turbo,399030,0.4755651652812958
stabilityai_sdxl-turbo,14140678,-0.19032974541187286
stabilityai_sdxl-turbo,232386,0.5587666630744934
stabilityai_sdxl-turbo,7606419,-0.7557628750801086
stabilityai_sdxl-turbo,86119145,1.0992618799209595
stabilityai_sdxl-turbo,29161294,-0.3858182430267334
stabilityai_sdxl-turbo,7854455,0.448721319437027
stabilityai_sdxl-turbo,2870880,1.2746368646621704
stabilityai_sdxl-turbo,7150023,1.2005958557128906
stabilityai_sdxl-turbo,20017667,-0.5041425824165344
stabilityai_sdxl-turbo,17002912,0.55068039894104
stabilityai_sdxl-turbo,14533937,-0.7888509631156921
stabilityai_sdxl-turbo,8095160,0.8385622501373291
stabilityai_sdxl-turbo,77358840,0.2597188949584961
stabilityai_stable-diffusion-3-medium-diffusers,41161074,-0.18459683656692505
stabilityai_stable-diffusion-3-medium-diffusers,31391857,1.032397747039795
stabilityai_stable-diffusion-3-medium-diffusers,71828875,-1.1762206554412842
stabilityai_stable-diffusion-3-medium-diffusers,5752544,-2.220167636871338
stabilityai_stable-diffusion-3-medium-diffusers,51314050,0.11297385394573212
stabilityai_stable-diffusion-3-medium-diffusers,98319500,-2.0622661113739014
stabilityai_stable-diffusion-3-medium-diffusers,14195315,-0.03149579465389252
stabilityai_stable-diffusion-3-medium-diffusers,1707698,0.9724007844924927
stabilityai_stable-diffusion-3-medium-diffusers,91790573,0.4451720714569092
stabilityai_stable-diffusion-3-medium-diffusers,55457672,-1.788041114807129
stabilityai_stable-diffusion-3-medium-diffusers,86714939,-0.8660544157028198
stabilityai_stable-diffusion-3-medium-diffusers,1317294,0.7787972092628479
stabilityai_stable-diffusion-3-medium-diffusers,76425345,0.08876948803663254
stabilityai_stable-diffusion-3-medium-diffusers,43301379,0.4467770457267761
stabilityai_stable-diffusion-3-medium-diffusers,90244932,1.2061256170272827
stabilityai_stable-diffusion-3-medium-diffusers,98195317,1.8437695503234863
stabilityai_stable-diffusion-3-medium-diffusers,20471134,-2.1243321895599365
stabilityai_stable-diffusion-3-medium-diffusers,24808131,-0.5596624612808228
stabilityai_stable-diffusion-3-medium-diffusers,57729980,-0.8966399431228638
stabilityai_stable-diffusion-3-medium-diffusers,91368797,0.5870218276977539
stabilityai_stable-diffusion-3-medium-diffusers,45418454,0.06690718978643417
stabilityai_stable-diffusion-3-medium-diffusers,3748162,0.9420831203460693
stabilityai_stable-diffusion-3-medium-diffusers,1321854,1.5269577503204346
stabilityai_stable-diffusion-3-medium-diffusers,40945115,-1.7848446369171143
stabilityai_stable-diffusion-3-medium-diffusers,87574583,0.8839587569236755
stabilityai_stable-diffusion-3-medium-diffusers,49358811,-0.16178978979587555
stabilityai_stable-diffusion-3-medium-diffusers,96521920,0.7408854365348816
stabilityai_stable-diffusion-3-medium-diffusers,1209135,-0.3590298295021057
stabilityai_stable-diffusion-3-medium-diffusers,25685207,-1.4826462268829346
stabilityai_stable-diffusion-3-medium-diffusers,79606917,-0.34652677178382874
stabilityai_stable-diffusion-3-medium-diffusers,44621915,-0.3631809949874878
stabilityai_stable-diffusion-3-medium-diffusers,98642787,0.5360288619995117
stabilityai_stable-diffusion-3-medium-diffusers,93256557,0.19565251469612122
stabilityai_stable-diffusion-3-medium-diffusers,73051579,1.0468882322311401
stabilityai_stable-diffusion-3-medium-diffusers,1516071,-0.1557546705007553
stabilityai_stable-diffusion-3-medium-diffusers,60375309,-1.6356043815612793
stabilityai_stable-diffusion-3-medium-diffusers,5219923,-1.6734296083450317
stabilityai_stable-diffusion-3-medium-diffusers,10548623,-0.43477189540863037
stabilityai_stable-diffusion-3-medium-diffusers,55658809,0.28434672951698303
stabilityai_stable-diffusion-3-medium-diffusers,7710616,0.45019739866256714
stabilityai_stable-diffusion-3-medium-diffusers,68246844,-0.529623806476593
stabilityai_stable-diffusion-3-medium-diffusers,55191509,-2.1223461627960205
stabilityai_stable-diffusion-3-medium-diffusers,99178779,1.1340073347091675
stabilityai_stable-diffusion-3-medium-diffusers,46150029,-0.39839598536491394
stabilityai_stable-diffusion-3-medium-diffusers,38954086,-0.2227039933204651
stabilityai_stable-diffusion-3-medium-diffusers,717468,1.763397216796875
stabilityai_stable-diffusion-3-medium-diffusers,65890875,1.230516791343689
stabilityai_stable-diffusion-3-medium-diffusers,60214770,-0.7976677417755127
stabilityai_stable-diffusion-3-medium-diffusers,76100398,0.9074018597602844
stabilityai_stable-diffusion-3-medium-diffusers,55812974,-1.8619500398635864
stabilityai_stable-diffusion-3-medium-diffusers,95737828,-0.394233763217926
stabilityai_stable-diffusion-3-medium-diffusers,9020389,1.6340616941452026
stabilityai_stable-diffusion-3-medium-diffusers,11460338,-0.5752098560333252
stabilityai_stable-diffusion-3-medium-diffusers,2241569,1.1770505905151367
stabilityai_stable-diffusion-3-medium-diffusers,31196176,0.1663559079170227
stabilityai_stable-diffusion-3-medium-diffusers,3309110,0.15408864617347717
stabilityai_stable-diffusion-3-medium-diffusers,99211012,0.47403591871261597
stabilityai_stable-diffusion-3-medium-diffusers,43735560,-1.7315634489059448
stabilityai_stable-diffusion-3-medium-diffusers,7698915,0.2938704788684845
stabilityai_stable-diffusion-3-medium-diffusers,80540387,-1.2938412427902222
stabilityai_stable-diffusion-3-medium-diffusers,9427682,0.8379147052764893
stabilityai_stable-diffusion-3-medium-diffusers,10024569,-1.479710340499878
stabilityai_stable-diffusion-3-medium-diffusers,71591839,-1.0607719421386719
stabilityai_stable-diffusion-3-medium-diffusers,14550987,-0.8790880441665649
stabilityai_stable-diffusion-3-medium-diffusers,74175857,-0.6720083951950073
stabilityai_stable-diffusion-3-medium-diffusers,51060824,-0.5885264873504639
stabilityai_stable-diffusion-3-medium-diffusers,75964288,-0.5694875717163086
stabilityai_stable-diffusion-3-medium-diffusers,47552953,0.8133834004402161
stabilityai_stable-diffusion-3-medium-diffusers,3907654,0.9047594666481018
stabilityai_stable-diffusion-3-medium-diffusers,6883725,0.9375274181365967
stabilityai_stable-diffusion-3-medium-diffusers,63633117,-0.7779499292373657
stabilityai_stable-diffusion-3-medium-diffusers,62408818,0.5166432857513428
stabilityai_stable-diffusion-3-medium-diffusers,49054805,0.19096539914608002
stabilityai_stable-diffusion-3-medium-diffusers,64576544,-1.2079801559448242
stabilityai_stable-diffusion-3-medium-diffusers,37319253,1.6448229551315308
stabilityai_stable-diffusion-3-medium-diffusers,66668538,0.5435567498207092
stabilityai_stable-diffusion-3-medium-diffusers,67949798,0.2997646927833557
stabilityai_stable-diffusion-3-medium-diffusers,7109847,-0.3312492370605469
stabilityai_stable-diffusion-3-medium-diffusers,10080493,0.10319380462169647
stabilityai_stable-diffusion-3-medium-diffusers,41031648,1.004273533821106
stabilityai_stable-diffusion-3-medium-diffusers,3131388,0.18618810176849365
stabilityai_stable-diffusion-3-medium-diffusers,73600586,-0.18339920043945312
stabilityai_stable-diffusion-3-medium-diffusers,53815934,-0.17646269500255585
stabilityai_stable-diffusion-3-medium-diffusers,4345028,0.6033408045768738
stabilityai_stable-diffusion-3-medium-diffusers,8124208,-0.9691341519355774
stabilityai_stable-diffusion-3-medium-diffusers,399030,0.17653153836727142
stabilityai_stable-diffusion-3-medium-diffusers,14140678,-0.2656731903553009
stabilityai_stable-diffusion-3-medium-diffusers,232386,-0.06269528716802597
stabilityai_stable-diffusion-3-medium-diffusers,7606419,-0.46695250272750854
stabilityai_stable-diffusion-3-medium-diffusers,86119145,0.5155861377716064
stabilityai_stable-diffusion-3-medium-diffusers,29161294,0.17426836490631104
stabilityai_stable-diffusion-3-medium-diffusers,7854455,0.4628535509109497
stabilityai_stable-diffusion-3-medium-diffusers,2870880,0.44307512044906616
stabilityai_stable-diffusion-3-medium-diffusers,7150023,0.8950133323669434
stabilityai_stable-diffusion-3-medium-diffusers,20017667,0.8114565014839172
stabilityai_stable-diffusion-3-medium-diffusers,17002912,-0.3865209221839905
stabilityai_stable-diffusion-3-medium-diffusers,14533937,-0.07746800035238266
stabilityai_stable-diffusion-3-medium-diffusers,8095160,0.9536660313606262
stabilityai_stable-diffusion-3-medium-diffusers,77358840,0.0951940044760704
stabilityai_stable-diffusion-xl-base-1.0,41161074,-0.5868242979049683
stabilityai_stable-diffusion-xl-base-1.0,31391857,-0.1364719420671463
stabilityai_stable-diffusion-xl-base-1.0,71828875,-0.9005478620529175
stabilityai_stable-diffusion-xl-base-1.0,5752544,0.2629397213459015
stabilityai_stable-diffusion-xl-base-1.0,51314050,-1.4926962852478027
stabilityai_stable-diffusion-xl-base-1.0,98319500,-1.742512822151184
stabilityai_stable-diffusion-xl-base-1.0,14195315,0.20505568385124207
stabilityai_stable-diffusion-xl-base-1.0,1707698,0.8396762609481812
stabilityai_stable-diffusion-xl-base-1.0,91790573,1.4673383235931396
stabilityai_stable-diffusion-xl-base-1.0,55457672,0.2169053703546524
stabilityai_stable-diffusion-xl-base-1.0,86714939,-0.9088062644004822
stabilityai_stable-diffusion-xl-base-1.0,1317294,1.0939825773239136
stabilityai_stable-diffusion-xl-base-1.0,76425345,-0.5560805797576904
stabilityai_stable-diffusion-xl-base-1.0,43301379,0.6562436819076538
stabilityai_stable-diffusion-xl-base-1.0,90244932,1.6056532859802246
stabilityai_stable-diffusion-xl-base-1.0,98195317,-0.14385418593883514
stabilityai_stable-diffusion-xl-base-1.0,20471134,-0.5117022395133972
stabilityai_stable-diffusion-xl-base-1.0,24808131,-0.3625151515007019
stabilityai_stable-diffusion-xl-base-1.0,57729980,-1.426150918006897
stabilityai_stable-diffusion-xl-base-1.0,91368797,1.1163256168365479
stabilityai_stable-diffusion-xl-base-1.0,45418454,-1.0745729207992554
stabilityai_stable-diffusion-xl-base-1.0,3748162,0.21125313639640808
stabilityai_stable-diffusion-xl-base-1.0,1321854,1.503818154335022
stabilityai_stable-diffusion-xl-base-1.0,40945115,-1.7159017324447632
stabilityai_stable-diffusion-xl-base-1.0,87574583,-0.6998311281204224
stabilityai_stable-diffusion-xl-base-1.0,49358811,-1.1619510650634766
stabilityai_stable-diffusion-xl-base-1.0,96521920,-0.45023128390312195
stabilityai_stable-diffusion-xl-base-1.0,1209135,-1.2087393999099731
stabilityai_stable-diffusion-xl-base-1.0,25685207,-1.0709184408187866
stabilityai_stable-diffusion-xl-base-1.0,79606917,-0.6559112071990967
stabilityai_stable-diffusion-xl-base-1.0,44621915,-0.465291827917099
stabilityai_stable-diffusion-xl-base-1.0,98642787,0.3314072787761688
stabilityai_stable-diffusion-xl-base-1.0,93256557,-0.8366670608520508
stabilityai_stable-diffusion-xl-base-1.0,73051579,0.413370817899704
stabilityai_stable-diffusion-xl-base-1.0,1516071,-0.34638258814811707
stabilityai_stable-diffusion-xl-base-1.0,60375309,-0.6205070614814758
stabilityai_stable-diffusion-xl-base-1.0,5219923,-2.235454797744751
stabilityai_stable-diffusion-xl-base-1.0,10548623,0.10781204700469971
stabilityai_stable-diffusion-xl-base-1.0,55658809,0.30047598481178284
stabilityai_stable-diffusion-xl-base-1.0,7710616,0.33745208382606506
stabilityai_stable-diffusion-xl-base-1.0,68246844,-0.9753990769386292
stabilityai_stable-diffusion-xl-base-1.0,55191509,-0.2546290457248688
stabilityai_stable-diffusion-xl-base-1.0,99178779,1.2351176738739014
stabilityai_stable-diffusion-xl-base-1.0,46150029,-1.4277963638305664
stabilityai_stable-diffusion-xl-base-1.0,38954086,-0.45499560236930847
stabilityai_stable-diffusion-xl-base-1.0,717468,1.4781482219696045
stabilityai_stable-diffusion-xl-base-1.0,65890875,0.7224237322807312
stabilityai_stable-diffusion-xl-base-1.0,60214770,-0.1959569901227951
stabilityai_stable-diffusion-xl-base-1.0,76100398,0.9350360631942749
stabilityai_stable-diffusion-xl-base-1.0,55812974,-0.7712893486022949
stabilityai_stable-diffusion-xl-base-1.0,95737828,-0.1587129682302475
stabilityai_stable-diffusion-xl-base-1.0,9020389,1.6064225435256958
stabilityai_stable-diffusion-xl-base-1.0,11460338,-0.443765252828598
stabilityai_stable-diffusion-xl-base-1.0,2241569,0.26474422216415405
stabilityai_stable-diffusion-xl-base-1.0,31196176,-0.9461584091186523
stabilityai_stable-diffusion-xl-base-1.0,3309110,-1.084809422492981
stabilityai_stable-diffusion-xl-base-1.0,99211012,0.03333005681633949
stabilityai_stable-diffusion-xl-base-1.0,43735560,-0.5360491275787354
stabilityai_stable-diffusion-xl-base-1.0,7698915,0.2978433072566986
stabilityai_stable-diffusion-xl-base-1.0,80540387,-1.054404616355896
stabilityai_stable-diffusion-xl-base-1.0,9427682,-0.2747063636779785
stabilityai_stable-diffusion-xl-base-1.0,10024569,-0.6189364194869995
stabilityai_stable-diffusion-xl-base-1.0,71591839,-0.9727849364280701
stabilityai_stable-diffusion-xl-base-1.0,14550987,-0.5746195316314697
stabilityai_stable-diffusion-xl-base-1.0,74175857,-0.28513824939727783
stabilityai_stable-diffusion-xl-base-1.0,51060824,-0.813369631767273
stabilityai_stable-diffusion-xl-base-1.0,75964288,-1.4706106185913086
stabilityai_stable-diffusion-xl-base-1.0,47552953,0.611359715461731
stabilityai_stable-diffusion-xl-base-1.0,3907654,-0.14170505106449127
stabilityai_stable-diffusion-xl-base-1.0,6883725,1.1959341764450073
stabilityai_stable-diffusion-xl-base-1.0,63633117,0.027655284851789474
stabilityai_stable-diffusion-xl-base-1.0,62408818,0.1287573277950287
stabilityai_stable-diffusion-xl-base-1.0,49054805,0.2803754508495331
stabilityai_stable-diffusion-xl-base-1.0,64576544,-0.7305176854133606
stabilityai_stable-diffusion-xl-base-1.0,37319253,1.5639573335647583
stabilityai_stable-diffusion-xl-base-1.0,66668538,0.2764891982078552
stabilityai_stable-diffusion-xl-base-1.0,67949798,0.12607033550739288
stabilityai_stable-diffusion-xl-base-1.0,7109847,-0.6321349740028381
stabilityai_stable-diffusion-xl-base-1.0,10080493,-0.21911974251270294
stabilityai_stable-diffusion-xl-base-1.0,41031648,-0.10320767760276794
stabilityai_stable-diffusion-xl-base-1.0,3131388,-0.36639073491096497
stabilityai_stable-diffusion-xl-base-1.0,73600586,-0.6697478294372559
stabilityai_stable-diffusion-xl-base-1.0,53815934,0.3476211726665497
stabilityai_stable-diffusion-xl-base-1.0,4345028,0.53276127576828
stabilityai_stable-diffusion-xl-base-1.0,8124208,-0.6730192303657532
stabilityai_stable-diffusion-xl-base-1.0,399030,0.30254054069519043
stabilityai_stable-diffusion-xl-base-1.0,14140678,-0.8620020747184753
stabilityai_stable-diffusion-xl-base-1.0,232386,-1.3276222944259644
stabilityai_stable-diffusion-xl-base-1.0,7606419,-0.6331532001495361
stabilityai_stable-diffusion-xl-base-1.0,86119145,0.49362999200820923
stabilityai_stable-diffusion-xl-base-1.0,29161294,-0.7416619658470154
stabilityai_stable-diffusion-xl-base-1.0,7854455,0.6057561039924622
stabilityai_stable-diffusion-xl-base-1.0,2870880,0.0657285526394844
stabilityai_stable-diffusion-xl-base-1.0,7150023,1.1039783954620361
stabilityai_stable-diffusion-xl-base-1.0,20017667,0.22847142815589905
stabilityai_stable-diffusion-xl-base-1.0,17002912,0.5790399312973022
stabilityai_stable-diffusion-xl-base-1.0,14533937,-2.0894124507904053
stabilityai_stable-diffusion-xl-base-1.0,8095160,0.9010621905326843
stabilityai_stable-diffusion-xl-base-1.0,77358840,-0.4919329583644867
