wordnet_id,core_synset,definition,core_lemma
138508,change_by_reversal.v.01,change to the contrary,change_by_reversal
192051,deaden.v.06,"make less lively, intense, or vigorous; impair in vigor, force, activity, or sensation",deaden
213186,handover.n.01,act of relinquishing property or authority etc,handover
232386,cancellation.n.01,the act of cancelling; calling off some arrangement,cancellation
232765,attainder.n.01,cancellation of civil rights,attainder
258857,damage.v.01,inflict damage upon,damage
283090,dye.v.01,color with dye,dye
285141,sleepwalking.n.01,walking by a person who is asleep,sleepwalking
399030,transformation.n.04,(genetics) modification of a cell or bacterium by the uptake and incorporation of exogenous DNA,transformation
440189,plate_glass.n.01,"Float glass is a type of smooth, flat glass created by floating molten glass on a bed of molten metal, typically tin, producing high-quality glass sheets with uniform thickness and very flat surfaces.",float glass
445169,solidify.v.02,become solid,solidify
486490,mumblety-peg.n.01,a game in which players throw or flip a jackknife in various ways so that the knife sticks in the ground,mumblety-peg
487072,peekaboo.n.01,a game played with young children; you hide your face and suddenly reveal it as you say boo!,peekaboo
487326,post_office.n.03,a children's game in which kisses are exchanged for pretended letters,post_office
489837,quantify.v.02,express as a number or measure or quantity,quantify
646833,chemical_analysis.n.01,the act of decomposing a substance into its constituent elements,chemical_analysis
708860,room.n.01,"A precious or semi-precious stone that is cut, polished, and used in a piece of jewelry.",jewel
717208,painting.n.03,the act of applying paint to a surface,painting
717468,spraying.n.03,the application of a liquid in the form of small particles ejected from a sprayer,spraying
735254,candy.n.01,"A space within a building enclosed by walls, a floor, and a ceiling, used for a variety of purposes.",room
762478,negociate.v.05,confer with another in order to come to terms or reach an agreement,negociate
825443,martial_art.n.01,any of several Oriental arts of weaponless self-defense; usually practiced as a sport,martial_art
831919,artificial_respiration.n.01,an emergency procedure whereby breathing is maintained artificially,artificial_respiration
896677,legitimate.v.02,show or affirm to be just and legitimate,legitimate
936620,painting.n.02,creating a picture with paints,painting
974367,announce.v.01,make known; make an announcement,announce
993014,write.v.02,communicate or express by writing,write
995855,electromagnetic_intrusion.n.01,the deliberate insertion of electromagnetic energy into transmission paths with the objective of confusing or deceiving operators,electromagnetic_intrusion
1113367,ace.v.02,score an ace against,ace
1171644,fencing.n.03,the art or sport of fighting with swords (especially the use of foils or epees or sabres to score points under a set of rules),fencing
1209135,hit.v.05,"affect or afflict suddenly, usually adversely",hit
1317294,draft_animal.n.01,an animal used for pulling heavy loads,draft_animal
1317533,owner.n.02,"a person or organization receiving professional services from a company or an individual, usually for a fee.",client
1321854,young_mammal.n.01,any immature mammal,young_mammal
1377758,aerosolize.v.01,disperse as an aerosol,aerosolize
1474832,gymnosperm.n.01,plants of the class Gymnospermae having seeds not enclosed in an ovary,gymnosperm
1516071,boost.v.05,"push or shove upward, as if from below or behind",boost
1566705,bang_up.v.01,damage or destroy as if by violence,bang_up
1640855,carry_through.v.01,put in effect,carry_through
1668603,work.v.05,"shape, form, or improve a material",work
1678990,housing.n.01,"A movable dwelling built on a chassis and equipped with wheels, designed for temporary or permanent residence.",trailer home
1699831,dinosaur.n.01,any of numerous extinct terrestrial reptiles of the Mesozoic era,dinosaur
1707698,iguanodon.n.01,massive herbivorous bipedal dinosaur with a long heavy tail; common in Europe and northern Africa; early Cretaceous period,iguanodon
1727942,contestant.n.01,"a person who is trained or skilled in exercises, sports, or games requiring physical strength, agility, or stamina.",athlete
2045760,association.n.01,a formal organization of people or groups of people,association
2075049,scat.v.01,flee; take to one's heels; cut and run,scat
2075764,skedaddle.v.01,"run away, as if in a panic",skedaddle
2241569,heteropterous_insect.n.01,true bugs: insects whose forewings are membranous but have leathery tips,heteropterous_insect
2720725,antihistamine.n.01,a medicine used to treat allergies and hypersensitive reactions and colds; works by counteracting the effects of histamine on a receptor site,antihistamine
2721160,antihypertensive.n.01,a drug that reduces high blood pressure,antihypertensive
2730265,applicator.n.01,a device for applying a substance,applicator
2744395,cheese.n.01,"Color is a property of light as seen by people, resulting from the way objects reflect or emit light into the eye.",color
2770078,backplate.n.01,plate armor protecting the back; worn as part of a cuirass,backplate
2793684,barndoor.n.01,an opaque adjustable flap on a lamp fixture; used in photography to cut off light from particular areas,barndoor
2803666,bass_drum.n.01,a large drum with two heads; makes a sound of indefinite but very low pitch,bass_drum
2807731,bathroom.n.01,a room (as in a residence) containing a bathtub or shower and usually a washbasin and toilet,bathroom
2821943,bedroom_furniture.n.01,furniture intended for use in a bedroom,bedroom_furniture
2824319,belfry.n.02,a room (often at the top of a tower) where bells are hung,belfry
2825442,bellbottom_trousers.n.01,trousers with legs that flare; worn by sailors; absurdly wide hems were fashionable in the 1960s,bellbottom_trousers
2852043,bling.n.01,"flashy, ostentatious jewelry",bling
2870293,room.n.01,"Items such as chairs, tables, and beds that are used to make a room suitable for living or working.",furniture
2870880,bookcase.n.01,a piece of furniture with shelves for storing books,bookcase
2923535,burnous.n.01,a long hooded cloak woven of wool in one piece; worn by Arabs and Moors,burnous
2933112,cabinet.n.01,a piece of furniture resembling a cupboard with doors and shelves and drawers; for storage or display,cabinet
2963987,cardroom.n.01,a room for gambling on card games,cardroom
2991302,cell.n.07,a room where a prisoner is kept,cell
3024209,dye.v.01,a chemical used to whiten or disinfect materials by removing color.,bleach
3035832,cittern.n.01,a 16th century musical instrument resembling a guitar with a pear-shaped soundbox and wire strings,cittern
3049457,closet.n.04,a small private room for study or prayer,closet
3107488,cords.n.01,cotton trousers made of corduroy cloth,cords
3131388,root_vegetable.n.01,"the process of cooking food in hot oil or fat, typically resulting in a crispy outer layer.",fry
3131669,crib.n.03,a bin or granary for storing grains,crib
3152830,cutaway.n.02,a man's coat cut diagonally from the waist to the back of the knees,cutaway
3249569,drum.n.01,a musical percussion instrument; usually consists of a hollow cylinder with a membrane stretched across each end,"drum,"
3262349,earring.n.01,jewelry to ornament the ear; usually clipped to the earlobe or fastened through a hole in the lobe,earring
3288500,engineering.n.03,a room (as on a ship) in which the engine is located,engineering
3298716,etagere.n.01,a piece of furniture with open shelves for displaying small ornaments,etagere
3308246,coin.n.01,"a small coin of low value used in various countries, typically worth one-hundredth of the basic currency unit.",penny
3309110,eyeliner.n.01,makeup applied to emphasize the shape of the eyes,eyeliner
3347220,engineering.n.02,the discipline dealing with the art or science of applying scientific knowledge to practical problems,engineering
3353281,fitment.n.01,any of the items furnishing or equipping a room (especially built-in furniture),fitment
3366112,body_part.n.01,A large and usually continuous geographic area distinguished by specific or unique characteristics.,region
3411927,gallery.n.04,a long usually narrow room used for some specific purpose,gallery
3456665,greatcoat.n.01,a heavy coat worn over clothes in winter,greatcoat
3563208,athletic_facility.n.01,"A constructed basin filled with water for swimming, diving, or recreational bathing.",swimming pool
3580281,termination.n.05,"Relinquishment is the act of voluntarily giving up or surrendering a claim, right, or possession.",relinquishment
3603442,jungle_gym.n.01,a structure of vertical and horizontal rods where children can climb and play,jungle_gym
3607029,kachina.n.03,a carved doll wearing the costume of a particular Pueblo spirit; usually presented to a child as a gift,kachina
3628071,kohl.n.01,a cosmetic preparation used by women in Egypt and Arabia to darken the edges of their eyelids,kohl
3630383,lab_coat.n.01,a light coat worn to protect clothing from substances used while working in a laboratory,lab_coat
3676483,lipstick.n.01,makeup that is used to color the lips,lipstick
3679712,living_room.n.01,a room in a private house or establishment where people can sit and talk and relax,living_room
3685307,lodge.n.05,any of various Native American dwellings,lodge
3703463,mackinaw.n.01,a short plaid coat made of made of thick woolen material,mackinaw
3714235,makeup.n.01,cosmetics applied to the face to improve or change your appearance,"makeup,"
3728318,mat.n.02,mounting consisting of a border or background for a picture,mat
3748162,mercantile_establishment.n.01,a place of business for retailing goods,mercantile_establishment
3764276,military_vehicle.n.01,vehicle used by the armed forces,military_vehicle
3818090,neomycin.n.01,an antibiotic obtained from an actinomycete and used (as a sulphate under the trade name Neobiotic) as an intestinal antiseptic in surgery,neomycin
3842156,office_furniture.n.01,furniture intended for use in an office,office_furniture
3880032,pallium.n.04,cloak or mantle worn by men in ancient Rome,pallium
3889343,feeling.n.01,"a state of well-being and contentment marked by feelings of joy, satisfaction, and fulfillment.",happiness
3907654,penal_institution.n.01,an institution where persons are confined for punishment and to protect the public,penal_institution
3940713,pin.n.01,a piece of jewelry that is pinned onto the wearer's garment,pin
3975232,pointer.n.02,an indicator as on a dial,pointer
3982060,pool.n.01,an excavation that is (usually) filled with water,pool
3990474,pot.n.01,metal or earthenware cooking vessel that is usually round and deep; often has a handle and lid,pot
4010305,cooking_utensil.n.01,a container typically used for cooking or storing food.,pot
4025130,puppet.n.03,a doll with a hollow head of a person or animal and a cloth body; intended to fit over the hand and be manipulated with the fingers,puppet
4062807,reconnaissance_vehicle.n.01,fast armored military vehicle with four-wheel drive and open top,reconnaissance_vehicle
4123448,sack_coat.n.01,man's hiplength coat with a straight back; the jacket of a suit,sack_coat
4125853,safety_belt.n.01,belt attaching you to some object as a restraint in order to prevent you from getting hurt,safety_belt
4140340,sawdust_doll.n.01,a doll that is stuffed with sawdust,sawdust_doll
4145056,scenery.n.01,the painted structures of a stage set that are intended to suggest a particular locale,scenery
4192521,sheraton.n.01,a furniture style that originated in England around 1800; simple in design with straight lines and classical ornamentation,Sheraton
4259202,solenoid.n.01,a coil of wire around an iron core; becomes a magnet when current passes through the coil,solenoid
4285773,kind.n.01,a system of ordering society based on perceived social or economic status.,class
4345028,study.n.05,a room used for reading and writing and studying,study
4387201,tambour.n.02,a drum,tambour
4416901,tetraskelion.n.01,a figure consisting of four stylized human arms or legs (or bent lines) radiating from a center,tetraskelion
4455579,topper.n.05,a woman's short coat,topper
4497570,tunic.n.02,any of a variety of loose fitting cloaks extending to the hips or knees,tunic
4534520,videotape.n.01,a video recording made on magnetic tape,videotape
4539203,vivarium.n.01,an indoor enclosure for keeping and raising living animals and plants and observing them under natural conditions,vivarium
4552551,war_room.n.01,a room where strategic decisions are made (especially for military or political campaigns),war_room
4596797,room.n.01,"Casserole is a type of dish, both in terms of the cookware used and the variety of ingredients that are baked together to create a meal.",casserole
4832208,club.n.03,a tool or instrument used to carry out a particular function.,implement
4930139,drape.n.02,the manner in which fabric hangs or falls,drape
5008085,asexuality.n.01,having no evident sex or sex organs,asexuality
5219923,female_body.n.01,the body of a female human being,female_body
5316083,affect.v.01,have an effect upon,affect
5350912,discipline.n.01,"the application of scientific principles to design and build machines, structures, and other items, including bridges, roads, vehicles, and buildings.",engineering
5374860,tetraskelion.n.01,A four-armed cross is a type of cross symbol characterized by having four arms of equal length that extend outward from a central point.,four-armed cross
5410315,gonadotropin.n.01,hormone secreted by the anterior pituitary gland and placenta; stimulates the gonads and controls reproductive activity,gonadotropin
5522784,pudendal_cleft.n.01,the fissure between the labia majora,pudendal_cleft
5728577,message.n.02,"language or behavior that is silly, illogical, or has no meaning or importance.",nonsense
5752544,learning.n.01,the cognitive process of acquiring skill or knowledge,learning
5794797,block.n.01,a solid piece of something (usually having flat rectangular sides),block
5895919,female_aristocrat.n.01,A female monarch of a kingdom who holds her position by right of birth or marriage.,queen
5958517,physical_entity.n.01,"a physical item that can be seen and touched, or a goal or purpose.",object
6189776,monophysitism.n.01,a Christian heresy of the 5th and 6th centuries that challenged the orthodox definition of the two natures (human and divine) in Jesus and instead believed there was a single divine nature,Monophysitism
6528587,statement.n.01,A mutual understanding or arrangement between parties regarding their rights and responsibilities.,agreement
6584891,instruction.n.04,(computer science) a line of code written as part of a computer program,instruction
6586355,command_line.n.01,commands that a user types in order to run an application,command_line
6607809,absurdity.n.01,a message whose content is at variance with reason,absurdity
6615026,feature.n.03,the principal (full-length) film in a program at a movie theater,feature
6615458,home_movie.n.01,a film made at home by an amateur photographer,home_movie
6615818,collage_film.n.01,a movie that juxtaposes different kinds of footage,collage_film
6616314,short_subject.n.01,a brief film; often shown prior to showing the feature,short_subject
6617011,cinema_verite.n.01,a movie that shows ordinary people in actual activities without being controlled by a director,cinema_verite
6617413,skin_flick.n.01,a pornographic movie,skin_flick
6729499,assertion.n.01,a declaration that is made emphatically (as if no supporting evidence were necessary),assertion
6880664,emblem.n.02,a visible symbol representing an abstract idea,emblem
6883725,swastika.n.01,the official emblem of the Nazi Party and the Third Reich; a cross with the arms bent at right angles in a clockwise direction,swastika
6946774,candy.n.01,"A space within a building enclosed by walls, floor, and ceiling, used for various purposes.",room
7025268,truck.n.01,an automotive vehicle suitable for hauling,truck
7109847,utterance.n.01,the use of uttered sounds for auditory communication,utterance
7116261,hammer.n.02,a hand tool with a heavy rigid head and a handle; used to deliver an impulsive force by striking,hammer
7150023,collective_bargaining.n.01,negotiation between an employer and trade union,collective_bargaining
7163803,previous_question.n.01,a motion calling for an immediate vote on the main question under discussion by a deliberative assembly,previous_question
7507098,embarrassment.n.01,the shame you feel when your inadequacy or guilt is made public,embarrassment
7596684,sweet.n.03,a food rich in sugar,sweet
7597365,candy.n.01,a rich sweet made of flavored sugar and often combined with fruit or nuts,"candy,"
7601809,caramel.n.01,firm chewy candy made from caramelized sugar and butter and milk,caramel
7605282,dragee.n.01,silvery candy beads used for decorating cakes,dragee
7606419,horehound.n.02,a candy that is flavored with an extract of the horehound plant,horehound
7607707,lozenge.n.01,a small aromatic or medicated candy,lozenge
7608721,popcorn_ball.n.01,popcorn combined with a thick sugar or molasses or caramel syrup and formed into balls,popcorn_ball
7625977,shoofly_pie.n.01,open pie filled with a mixture of sweet crumbs and molasses,shoofly_pie
7626721,pumpkin_pie.n.01,pie made of mashed pumpkin and milk and eggs and sugar,pumpkin_pie
7626833,squash_pie.n.01,similar to pumpkin pie but made with winter squash instead of pumpkin,squash_pie
7627310,patty.n.02,small pie or pasty,patty
7651454,variety_meat.n.01,edible viscera of a butchered animal,variety_meat
7654438,cold_cuts.n.01,sliced assorted cold meats,cold_cuts
7664468,carbonado.n.02,a piece of meat (or fish) that has been scored and broiled,carbonado
7698915,pasta.n.02,shaped and dried dough made from flour and water and sometimes egg,"pasta,"
7700167,tortellini.n.01,small ring-shaped stuffed pasta,tortellini
7700868,vermicelli.n.01,pasta in strings thinner than spaghetti,vermicelli
7701244,ravioli.n.01,small circular or square cases of dough with savory fillings,ravioli
7702193,dumpling.n.01,small balls or strips of boiled or steamed dough,dumpling
7710616,potato.n.01,an edible tuber native to South America; a staple food of Ireland,potato
7834065,anchovy_dressing.n.01,vinaigrette and mashed anchovies,anchovy_dressing
7854266,muenster.n.01,semisoft pale-yellow cheese,Muenster
7854455,quark_cheese.n.01,"fresh unripened cheese of a smooth texture made from pasteurized milk, a starter, and rennet",quark_cheese
7871940,meat_pie.n.01,pie made with meat or fowl enclosed in pastry or covered with pastry or biscuit dough,meat_pie
7891189,near_beer.n.01,drink that resembles beer but with less than 1/2 percent alcohol,near_beer
7897116,retsina.n.01,Greek wine flavored with resin,retsina
7914271,smoothie.n.02,a thick smooth drink consisting of fresh fruit pureed with ice cream or yoghurt or milk,smoothie
7922764,cocoa.n.01,a beverage made from cocoa powder and milk and sugar; usually drunk hot,cocoa
7929519,coffee.n.01,a beverage consisting of an infusion of ground coffee beans,coffee
7933274,tea.n.01,a beverage made by steeping tea leaves in water,tea
7933530,tea-like_drink.n.01,a beverage that resembles tea but is not made from tea leaves,tea-like_drink
8089797,american_baptist_convention.n.01,an association of Northern Baptists,American_Baptist_Convention
8095160,conservative_judaism.n.01,Jews who keep some of the requirements of the Mosaic law but allow for adaptation of other requirements (as some of the dietary laws) to fit modern circumstances,Conservative_Judaism
8124208,candy.n.01,"Red meat refers to the meat from mammals, which is typically rich in iron and protein and characterized by its red color when raw.",red meat
8339939,united_states_intelligence_agency.n.01,an intelligence service in the United States,United_States_intelligence_agency
8876291,beverage.n.01,"a red wine from Bordeaux, or a similar wine made elsewhere.",claret
9020389,marsupial.n.01,"a small nocturnal marsupial native to Australia, known for its ability to feign death as a defensive mechanism against threats.",possum
9044146,concept.n.01,"A measure of amount or number in numerical terms, not associated with value or quality.",quantity
9057052,dinosaur.n.01,"A space within a building enclosed by walls, a floor, and a ceiling, used for a variety of purposes.",room
9427682,knock.v.06,"A stern rebuke or admonition, typically by someone in authority.",reprimand
9580065,vestment.n.01,gown (especially ceremonial garments) worn by the clergy,vestment
9719434,wheeled_vehicle.n.01,"a portable dwelling, typically towed behind a vehicle, used for temporary or recreational accommodation.",house trailer
9793248,ancient.n.01,a very old person,ancient
9794211,anglophile.n.01,an admirer of England and things English,anglophile
9862621,bobby.n.01,an informal term for a British policeman,bobby
9875188,bridge_partner.n.01,one of a pair of bridge players who are on the same side of the game,bridge_partner
9984659,customer.n.01,someone who pays for goods or services,customer
10012874,transform.v.02,A form or outline that defines the external boundary or surface configuration of something.,shape
10024569,artifact.n.01,an obstruction or impediment to movement or progress.,block
10080493,autoloader.n.01,"A handheld firearm designed to be operated with one hand, typically used for short-range shooting.",pistol
10106452,flap.n.01,any broad thin and limber covering attached at one edge; hangs loose or projects freely,flap
10198409,covering.n.02,"a movement, usually quick and light, wherein something flexible or flat is waved or vibrated rapidly.",flap
10333317,mother-in-law.n.01,the mother of your spouse,mother-in-law
10408552,patron_saint.n.01,a saint who is considered to be a defender of some group or nation,patron_saint
10444677,plate.n.14,"Protective clothing designed to absorb or deflect physical attacks, often used by military personnel and law enforcement officers to minimize injury from bullets and other weapons.",body armor
10453357,poor_person.n.01,a person with few or no possessions,poor_person
10548623,living_quarters.n.01,"a provision of housing or lodging, or the process of adapting or adjusting to someone or something.",accommodation
10572128,discipline.n.01,"a branch of science and technology concerned with the design, building, and use of engines, machines, and structures.",engineering science
10794014,writer.n.01,writes (books or stories or articles or the like) professionally (for pay),writer
10939743,cattle.n.01,"Domesticated bovine animals kept primarily for milk, meat, or as draft animals.",cattle
11039909,coil.n.06,A device made of a series of wire loops that generates a magnetic field when electric current flows through it.,magnetic coil
11334088,currency.n.01,"A form of money issued by governments and banks that is used as a medium of exchange, typically printed on paper.",paper currency
11417672,geological_phenomenon.n.01,a natural phenomenon involving the structure or composition of the earth,geological_phenomenon
11437577,ionizing_radiation.n.01,high-energy radiation capable of producing ionization in substances through which it passes,ionizing_radiation
11460338,duct.n.01,"a thin membrane forming a closed sac around the embryo in birds, reptiles, and mammals, providing a protective environment.",amnion
12345739,message.n.02,"a communication or idea that lacks meaningful or logical sense, often including absurd or contradictory statements.",nonsense
12402348,banyan.n.01,East Indian tree that puts out aerial shoots that grow down into the soil forming additional trunks,banyan
13221529,club_moss.n.01,primitive evergreen moss-like plant with spores in club-shaped strobiles,club_moss
13290566,blood_money.n.01,compensation paid to the family of a murdered person,blood_money
13389475,ducat.n.01,formerly a gold coin of various European countries,ducat
13390139,nickel.n.02,a United States coin worth one twentieth of a dollar,nickel
13390405,half_dollar.n.01,a United States coin worth half of a dollar,half_dollar
13392786,farthing.n.01,a former British bronze coin worth a quarter of a penny,farthing
13649361,beverage.n.01,an animal that primarily consumes meat as its main dietary component.,carnivore
13716878,apothecaries'_unit.n.01,any weight unit used in pharmacy; an ounce is equal to 480 grains and a pound is equal to 12 ounces,apothecaries'_unit
13884740,parallelepiped.n.01,a prism whose bases are parallelograms,parallelepiped
13915305,hexahedron.n.01,any polyhedron having six plane faces,hexahedron
13931145,friendship.n.01,the state of being friends (or friendly),friendship
13984082,blackout.n.02,darkness resulting from the extinction of lights (as in a city invisible to enemy aircraft),blackout
14140678,inflammation.n.01,"Inflammation of the mucous membrane inside the nose, often caused by an allergy or a viral infection.",rhinitis
14195315,anemia.n.01,a deficiency of red blood cells,anemia
14294568,credit_line.n.01,"Credit refers to the borrowing capacity of an individual or organization, or the acknowledgment of confidence in a borrower's ability to repay.",credit
14320813,hemothorax.n.01,accumulation of blood in the pleural cavity (the space between the lungs and the walls of the chest),hemothorax
14360436,armor_plate.n.01,specially hardened steel plate used to protect fortifications or vehicles from enemy fire,armor_plate
14488317,financial_condition.n.01,the condition of (corporate or personal) finances,financial_condition
14533937,allergic_rhinitis.n.01,rhinitis caused by an allergic reaction,allergic_rhinitis
14550987,deafness.n.01,partial or complete loss of hearing,deafness
14579933,beverage.n.01,"A quality or state of being friendly, generous, and considerate towards others.",kind
14606290,gamma_aminobutyric_acid.n.01,an amino acid that is found in the central nervous system; acts as an inhibitory neurotransmitter,gamma_aminobutyric_acid
14620257,halon.n.01,a compound in which the hydrogen atoms of a hydrocarbon have been replaced by bromine and other halogen atoms; very stable; used in fire extinguishers although it is thought to release bromine that depletes the ozone layer,halon
14632648,calcium.n.01,a white metallic element that burns with a brilliant light; the fifth most abundant element in the earth's crust; an important component of most plants and animals,calcium
14647235,nitrogen.n.01,a common nonmetallic element that is normally a colorless odorless tasteless inert diatomic gas; constitutes 78 percent of the atmosphere by volume; a constituent of all living tissues,nitrogen
14654954,silver.n.01,a soft white precious univalent metallic element having the highest electrical and thermal conductivity of any metal; occurs in argentite and in free form; used in coins and jewelry and tableware and photography,silver
14686352,fossil_fuel.n.01,fuel consisting of the remains of organisms preserved in rocks in the earth's crust with high carbon and hydrogen content,fossil_fuel
14702875,glue.n.01,cement consisting of a sticky substance that is used as an adhesive,glue
14703190,animal_glue.n.01,a protein gelatin obtained by boiling e.g. skins and hoofs of cattle and horses,animal_glue
14807929,catecholamine.n.01,any of a group of chemicals including epinephrine and norepinephrine that are produced in the medulla of the adrenal gland,catecholamine
14809057,endorphin.n.01,a neurochemical occurring naturally in the brain and having analgesic properties,endorphin
14867690,buntal.n.01,fine white Philippine fiber from stalks of unopened leaves of talipot palms; used in making hats,buntal
14872875,foam_rubber.n.01,spongy rubber; made by introducing air bubbles before vulcanization and used for cushioning or upholstery,foam_rubber
14880557,crown_glass.n.01,a glass blown into a globe which is later flattened and spun to form a disk,crown_glass
14894140,resin.n.01,any of a class of solid or semisolid viscous substances obtained either as exudations from certain plants or prepared by polymerization of simple molecules,resin
15180934,arrival_time.n.01,the time at which a public conveyance is scheduled to arrive at a given destination,arrival_time
15970145,room.n.01,"a collection of decorative items worn for personal adornment, such as rings, necklaces, earrings, and bracelets.",jewelry
17002912,discussion.n.02,Negotiation is a dialogue between two or more parties aimed at reaching a consensus or resolving differences.,negotiation
17012379,coin.n.01,"A bird of prey is a carnivorous bird that hunts and feeds on other animals, distinguished by keen vision and powerful talons and beaks.",bird of prey
17282800,coin.n.01,"A small piece of metal, usually flat and circular, authorized by a government for use as money.",coin
17925539,cloak.n.02,"an alcoholic beverage made by fermenting grapes with yeast, which converts the sugars in the grapes into alcohol and carbon dioxide.",wine
18367104,applicator.n.01,"A tool consisting of bristles fastened into a handle, used for applying paint or other substances to surfaces.",paintbrush
18758723,communicate.v.02,"the act of using symbols or characters to communicate thoughts and ideas through compositions such as texts, articles, or books.",write
19143128,mechanism.n.05,device consisting of a piece of machinery; has moving parts that perform some function,mechanism
19671124,infectious_disease.n.01,"a severe intestinal infection causing diarrhea with blood and mucus, often resulting from poor sanitary conditions.",dysentery
19855707,furniture.n.01,a piece of metal stamped and issued by the authority of a government for use as money.,coin
19893872,beat.v.01,"a loud, deep sound made by a person or animal, often as an expression of emotion or to display power.",roar
20017667,room.n.01,"a collection of individuals who perform music together, typically comprising vocalists and instrumentalists.",musical group
20128079,room.n.01,"a dairy product made from curdled or cultured milk that is aged and solidified, varying widely in flavor and texture.",cheese
20471134,disorder.n.01,A condition or period of ill health that affects the body or mind.,sickness
20495093,cloak.n.02,"a fermented beverage made from grapes and sometimes other fruits, typically containing alcohol and characterized by its varied flavors and complexity.",wine
20782430,congestion.n.01,"Adenomatosis is a condition involving the formation of numerous adenomas, which are benign tumors that may occur in various organs.",adenomatosis
21377549,information.n.01,"the transmission of information, such as audio or video content, to a dispersed audience via electronic media, typically to a wide area.",broadcast
21564446,prevention.n.01,the act of preventing,prevention
21620388,activity.n.01,"a feeling of reverence and adoration for a deity or sacred entity, often expressed through acts of prayer, rituals, or other forms of devotion.",worship
22149540,dinosaur.n.01,"A structure designed to house government offices, services or public gatherings is typically open to the general populace.",public building
22738759,dinosaur.n.01,A place or container where things are stored and can be found.,repository
22767176,reverence.n.03,"a curved piece of material used to launch arrows, or the act of bending at the waist as a form of greeting or respect.",bow
23129661,cheese.n.01,a property of light reflected by objects that produces different visual sensations depending on the light wavelengths emitted or absorbed.,color
23185551,change.v.02,a process or event resulting in something becoming different than it was before.,change
23232427,land.n.04,"a large open area of country covered with grass, especially one used for grazing.",grassland
23257851,resin.n.01,"a complex carbohydrate composed of glucose units, forming the main constituent of the cell wall in most plants.",cellulose
23620789,content.n.05,"a personal or collective system of beliefs and practices pertaining to the divine or sacred, shaping one’s identity and moral conduct.",religious orientation
24808131,affect.v.01,"A capacity to have an effect on the character, development, or behavior of someone or something, often exercised without direct force or command.",influence
24843217,candy.n.01,"a room used primarily for sleeping, living, or carrying out specific activities.",chamber
24933378,poor_person.n.01,a person with few or no possessions,poor_person
24942232,jewelry.n.01,"a collection of valuable items or wealth stored or hidden, often considered irreplaceable or precious.",treasure
25290589,slang.n.02,A specialized language used by a particular profession or group that may be difficult for outsiders to understand.,jargon
25579216,concept.n.01,"A mathematical expression consisting of a sum of terms, each term including a variable or variables raised to a whole number power and multiplied by a coefficient.",polynomial
25685207,wine.n.01,"A space within a building enclosed by walls, a floor, and a ceiling, typically used for particular activities or functions.",room
25776594,body_part.n.01,a physical component of organisms that is structurally distinct and typically has a specific function within the organism.,body part
26078214,archosaur.n.01,a space that can be occupied or where an activity is conducted within a building.,room
26746434,explosion.n.01,A small explosive device primarily used in celebrations for creating a loud noise and a visual effect.,firecracker
26998039,cosmic_time.n.01,a duration or interval in which events occur or are expected to take place.,time period
27106238,leave.v.01,"a continuous period of performing a certain activity or moving without stopping, often used to describe moving quickly on foot.",run
27246777,cloak.n.02,"A light-colored wine made from green or yellowish grapes, or from red grapes with the skins removed before fermentation.",white wine
27768637,drill.n.01,a tool with a sharp point and cutting edges for making holes in hard materials (usually rotating rapidly or by repeated blows),drill
27871992,board.n.03,"A large tent used as a shelter for outdoor events, or a sign often over the entrance of a theater, displaying the title of a movie or a performance.",marquee
28190972,call_on_the_carpet.v.01,a verbal reprimand that is intense and often prolonged.,chew out
29094321,quality.n.01,"The ability to influence, direct, or command people, mechanisms, or events.",controllability
29148617,genetic_disease.n.01,a disease or disorder that is inherited genetically,genetic_disease
29161294,change.v.02,a process through which something becomes different or is replaced by something else.,change
29632917,sweet.n.03,a food rich in sugar,sweet
29703209,calcium.n.01,"a protein in the blood that is essential for blood clotting, also known as prothrombin.",factor ii
29779486,enthusiast.n.01,an ardent and enthusiastic supporter of some person or activity,enthusiast
30028757,supporter.n.01,A person who is highly interested in and extremely passionate about a particular subject or activity.,enthusiast
30225071,rosid_dicot_genus.n.01,"a genus of small herbaceous plants in the legume family, commonly known as clover, characterized by leaves divided into three leaflets.",trifolium
30373565,advocate.n.01,"a person who backs, advocates for, or shows enthusiasm for a particular cause, individual, or group.",supporter
30484086,controlled_substance.n.01,a narcotic drug obtained from the poppy plant that is used medicinally to relieve pain and induce sleep.,opium
30883080,chromatic_color.n.01,"A property of light as seen by people, the result of the light being reflected off or emitted from objects and seen in terms of hue, brightness, and saturation.",color
31114750,makeup.n.01,"a long rigid piece of wood, metal, or similar material, typically used as an obstruction, fastening, or weapon, or a counter in a pub, restaurant, or cafe across which drinks or refreshments are served.",bar
31196176,genetic_disease.n.01,"a genetic disorder characterized by high cholesterol levels, specifically LDL, leading to an increased risk of heart disease.",familial hypercholesterolemia
31391857,person.n.01,"A person who accepts the truth or existence of something, often demonstrated through faith or confidence in a particular concept, ideology, or religion.",believer
31595142,lawman.n.01,"A law enforcement agent responsible for maintaining public order, enforcing laws, preventing crime, and protecting citizens and property.",police officer
32152786,wine.n.01,"a facility or location that manages and oversees operations, typically coordinating tasks and information to ensure efficiency and proper functioning.",control center
32327818,vessel.n.03,"A large, often armored, military vehicle equipped with heavy weapons, or a container used for storing liquids or gases.",tank
32379732,programmer.n.01,an individual who uses their technical expertise to gain unauthorized access to computer systems for malicious or personal gain.,computer hacker
32473966,work.v.05,A slanted edge or surface resulting from cutting or shaping at an angle that is not a right angle.,bevel
32902730,religious_person.n.01,a person who manifests devotion to a deity,religious_person
32932491,coin.n.01,"A metal combination primarily composed of copper and nickel, often used for its strength, corrosion resistance, and superior thermal and electrical properties.",copper-nickel alloy
33006578,use.v.01,The power to influence or direct people's behavior or the course of events.,control
33478721,molding.n.02,a decorative strip used for ornamentation or finishing,molding
34475997,club_moss.n.01,primitive evergreen moss-like plant with spores in club-shaped strobiles,club_moss
34578737,cloak.n.02,Wine is an alcoholic beverage made from fermented grapes or other fruits.,wine
34773230,material.n.01,"a natural oily substance occurring in animal bodies, especially when deposited as a layer under the skin or around certain organs.",fat
36507085,supporter.n.01,a person who backs a politician or a team etc.,supporter
36678439,agent.n.03,"A hormone that stimulates the activity of the gonads, particularly by promoting the production of sex steroids and gametes.",gonadotropin
37287360,statement.n.01,"a formal written instrument which expresses agreements, rights, or obligations enforceable by law.",legal document
37319253,spirit.n.04,"a supernatural being believed to inhabit and personify waters, often depicted as having human-like form and possessing magical powers.",water spirit
37547870,dressing.n.01,savory dressings for salads; basically of two kinds: either the thin French or vinaigrette type or the creamy mayonnaise type,dressing
37736408,person.n.01,a follower or believer in Jesus Christ and his teachings.,christian
38014258,child's_game.n.01,"A structured form of play, often undertaken for enjoyment and sometimes used as an educational tool.",game
38297191,organization.n.01,"a gathering or assembly of Baptist congregations that convenes to discuss theological, administrative, and societal issues within their community.",baptist convention
38402744,egotist.n.01,a conceited and self-centered person,egotist
38954086,gonadotropin.n.01,a hormone secreted by the pituitary gland that stimulates milk production and affects reproductive behaviors and immune response.,prolactin
39139190,cheese.n.01,"Clothing designed to be worn outdoors, typically for protection against the weather.",outerwear
39560404,mobility.n.01,Locomotion refers to the ability to move from one place to another.,locomotion
39566065,oldster.n.01,an elderly person,oldster
39595218,policeman.n.01,a member of a police force,policeman
40825299,armor_plate.n.01,specially hardened steel plate used to protect fortifications or vehicles from enemy fire,armor_plate
40945115,relaxant.n.01,"A substance that interferes with the transmission of nerve impulses to muscles, commonly used to cause muscle relaxation during surgery.",neuromuscular blocking agent
40995095,glass.n.01,a brittle transparent solid with irregular atomic structure,glass
41015844,person.n.01,"A representative or intermediary who acts on behalf of others, often in business, entertainment, or secretive operations.",agent
41031648,natural_language.n.01,"A term referring to a group of people originating from Europe, North Africa, or Western and Central Asia, typically characterized by lighter skin pigmentation.",caucasian
41161074,nonsense.n.01,a message that seems to convey no meaning,nonsense
41458919,write.v.02,communicate or express by writing,write
41565779,primate.n.02,"A primate mammal that lacks a tail, including gorillas, chimpanzees, orangutans, and gibbons.",ape
41766391,chemical_reaction.n.01,(chemistry) a process in which one or more substances are changed into others,chemical_reaction
41982710,location.n.01,"A defined area or division within a country or the world, often distinguished by geographical, cultural, or administrative features.",region
42048260,room.n.01,"a cuisine originating from Italy, typically featuring ingredients like pasta, tomatoes, and olive oil, celebrated for its regional diversity and emphasis on high-quality, fresh ingredients.",italian dish
42849420,furniture.n.01,"a small coin and monetary unit within various countries, including the United States and the United Kingdom, typically representing one-hundredth of the basic currency unit.",penny
42931583,weight_unit.n.02,"A system of weights used historically for compounding and dispensing medications, predominantly used by apothecaries.",apothecary weight
43060946,handicraft.n.02,a craft that requires skillful hands,handicraft
43153800,hormone.n.01,"a type of neurotransmitter that includes dopamine, norepinephrine, and epinephrine, which are important for regulating mood, arousal, and stress response.",catecholamine
43161384,christmas.n.02,"a Christian holiday celebrating the birth of Christ; a quarter day in England, Wales, and Ireland",Christmas
43301379,activity.n.01,"an act of revering or adoring a deity, person, or thing, often expressed through rituals, prayers, or ceremonies.",worship
43304323,adult.n.01,a person who is fully grown or developed and is considered legally responsible for their actions.,adult
43367797,discipline.n.01,"the application of scientific and mathematical principles to practical ends such as the design, manufacture, and operation of efficient and economical structures, machines, processes, and systems.",engineering
43431032,beverage.n.01,"a fermented beverage made from grapes, typically having a varied range of flavors and alcohol contents.",wine
43631801,spraying.n.03,the act of dispersing liquid in fine droplets over an area.,spraying
43735560,quantity.n.03,the concept that something has a magnitude and can be represented in mathematical expressions by a constant or a variable,quantity
43858443,association.n.01,a group of experts gathered to offer advice and recommendations on specific issues or decisions within an organization or government.,advisory committee
43918624,oil_gland.n.01,"a small gland in the skin that secretes sweat, typically more active during heat or stress to regulate body temperature.",sweat gland
44280552,happiness.n.02,"a moderately fast tempo in music, slower than allegro but faster than andante.",allegretto
44295589,represent.v.09,a result in a contest in which neither side wins.,draw
44621915,reprobate.n.01,a person who is sexually attracted to members of their own gender.,homosexual
44645737,container.n.01,"a rigid shipping container typically made of wood, used to store or transport goods securely.",crate
44838123,wisdom.n.04,A keen ability to make sound judgments and perceive subtle distinctions in complex matters.,sagacity
45258070,fern_ally.n.01,"a group of primitive spore-producing plants resembling mosses but classified as fern allies, often found in forested areas.",clubmoss
45297641,configuration.n.01,"a position of agreement or alliance between parties, objects, or systems, often ensuring proper positioning or coordination.",alignment
45418454,molding.n.02,a decorative strip used for ornamentation or finishing,molding
45564900,pasta.n.02,Money is a medium of exchange in the form of coins and banknotes; collectively.,money
46150029,change.v.01,"Happen refers to an event or occurrence taking place, often without a deliberate plan.",happen
46394736,decoration.n.01,a process of shaping a pliable raw material by using a rigid frame or model called a mold.,molding
46673664,house.n.12,a building in which something is sheltered or located,house
46994920,cheese.n.01,Anadromous fish are species that migrate from the ocean to freshwater rivers and streams to spawn.,anadromous fish
47009060,pie.n.01,"a sweet food made primarily from sugar and often flavored or combined with fruits, nuts, or chocolate.",candy
47552953,dispute.n.01,A verbal conflict between individuals who disagree on a particular issue or topic.,quarrel
47595220,chemical_process.n.01,"a process in which substances undergo chemical changes, forming new substances with different properties, or an action performed or a feeling experienced in response to a situation or event.",reaction
47819321,supporter.n.01,a person who backs a politician or a team etc.,supporter
48223384,thoroughfare.n.01,"a public road in a city or town, usually with houses and buildings on one or both sides.",street
48351897,product.n.02,"A sweet, round fruit with a smooth skin and a pit at its core, typically ranging in color from purple to red or yellow.",plum
48754831,income.n.01,the financial gain (earned or unearned) accruing over a given period of time,income
49054805,mechanism.n.05,device consisting of a piece of machinery; has moving parts that perform some function,mechanism
49089576,lighter.n.02,a flammable liquid used to fuel lighters and assist in starting fires in grills or campfires.,lighter fluid
49300740,cost.n.01,"a decrease in money or resources due to spending on goods, services, or necessities.",expense
49358811,adult.n.01,a person who is fully grown or developed and is legally responsible for their actions.,adult
49462954,expense.n.01,"The price paid or required in payment for a purchase, or cost is the expenditure incurred to produce, purchase, or maintain a good or service.",cost
50262859,laborer.n.01,A person who works in a mine extracting minerals or other geological materials from the earth.,miner
50871471,agreement.n.01,the statement (oral or written) of an exchange of promises,agreement
50952217,worm.n.01,any of numerous relatively small elongated soft-bodied animals especially of the phyla Annelida and Chaetognatha and Nematoda and Nemertea and Platyhelminthes; also many insect larvae,worm
51060824,natural_phenomenon.n.01,"a change or development in society, culture, or technology that involves many people and their behaviors over time.",movement
51314050,disk.n.02,"A flat, circular toy that is thrown and caught in games and recreational activities.",flying disk
51946990,device.n.01,"A device or enclosure designed to catch and retain animals or objects, typically by means of a concealed mechanism.",trap
52325745,doll.n.01,"a quality involving physical or emotional resilience and strength, enabling someone to endure hardship or difficult situations.",toughness
52474100,shovel.n.01,"a tool designed for cleaning and removing debris from gutters, typically featuring a narrow, flat blade for scooping and a long handle for reach.",guttering shovel
52516409,misinform.v.01,Emphasize: to give special importance or prominence to something in speaking or writing.,emphasize
52711595,organization.n.01,"a connection or relationship between ideas, feelings, or objects that link them together in one's mind or in reality.",association
53022028,meat.n.01,"a space that is enclosed by walls and a roof within a building, typically used for living, working, or storing items.",room
53205877,makeup.n.01,"a sweet food made primarily from sugar, often combined with fruit, chocolate, or nuts, and typically enjoyed as a treat or dessert.",candy
53288018,room.n.01,"a solid food made by coagulating the milk of various animals, typically aged and available in a wide variety of flavors and textures.",cheese
53443611,snail.n.01,freshwater or marine or terrestrial gastropod mollusk usually having an external enclosing spiral shell,snail
53815934,trope.n.01,language used in a figurative or nonliteral sense,trope
54495173,time_off.n.01,a time period when you are not required to work,time_off
54931507,ailment.n.01,Morning sickness refers to the nausea and vomiting that often occurs during the first trimester of pregnancy.,morning sickness
55191509,utterance.n.01,the use of uttered sounds for auditory communication,utterance
55255145,sauce.n.01,"a thick, creamy dressing made primarily of egg yolks, vegetable oil, and vinegar or lemon juice, used as a condiment or salad dressing.",mayonnaise
55457672,trouser.n.01,"a rapid breathing often associated with excitement, exertion, or anxiety.",pant
55588327,englishman.n.01,"a political ideology that combines liberal policies on social issues with democratic principles to promote individual freedom, equality, and social justice.",liberal democrat
55653646,device.n.01,a system of parts working together in a machine or an interconnected series of processes that produce a specific result.,mechanism
55658809,cement.n.03,"a colorless, tasteless, translucent food ingredient derived from collagen obtained from various animal body parts, used in food preparation as a gelling agent.",gelatin
55812974,net.n.06,an open fabric of string or rope or wire woven together at regular intervals,net
55819553,noble_metal.n.01,"Silver is a chemical element with the symbol Ag and atomic number 47, known for its shiny, white metallic luster and high thermal and electrical conductivity.",silver
55826966,vasoconstrictor.n.01,"A hormone and neurotransmitter also known as adrenaline, which increases heart rate, muscle strength, blood pressure, and sugar metabolism, and is involved in the body's fight-or-flight response.",epinephrine
55983905,advocate.n.01,"A supporter or follower of a particular person, group, party, or belief.",adherent
56074056,financial_gain.n.01,"Money that an individual or business receives in exchange for providing labor, producing goods, or investing capital.",income
56112588,change.v.02,"a change to an opposite direction, position, or course of action.",reversal
56121520,worm.n.01,any of numerous relatively small elongated soft-bodied animals especially of the phyla Annelida and Chaetognatha and Nematoda and Nemertea and Platyhelminthes; also many insect larvae,worm
56250900,coin.n.01,a flying insect known for its role in pollination and for producing honey and beeswax.,bee
56458800,traveler.n.01,A person who travels aimlessly or frequently moves from place to place.,wanderer
56792430,net.n.06,"a tool made from fibers woven in a grid-like structure, used to catch fish.",fishing net
56982260,body_part.n.01,The flat part of the hand that extends from the wrist to the bases of the fingers.,palm
57673976,congestion.n.01,excessive accumulation of blood or other fluid in a body part,congestion
57716963,location.n.01,"A facility designed for scientific experiments, research, and testing, often equipped with specialized instruments and equipment.",laboratory
57729980,pie.n.01,"a type of sweet confection, usually made from sugar and often combined with fruit, chocolate, or nuts.",candy
57785005,plaything.n.01,an artifact designed to be played with,plaything
57873614,amino_acid.n.01,"Dopamine is a neurotransmitter in the brain that plays a key role in regulating mood, motivation, pleasure, and reward.",dopamine
58727024,body_part.n.01,A small depression in the retina of the eye where visual acuity is highest.,fovea
58761464,room.n.01,"Pieces of equipment designed to support various human activities such as seating, eating, and sleeping, often functioning as storage and decorative elements in indoor environments.",furniture
59399259,secretion.n.02,A chemical substance produced in the body that regulates and controls the activities of certain cells or organs.,hormone
59976859,agreement.n.01,the statement (oral or written) of an exchange of promises,agreement
60083345,plain.n.01,extensive tract of level open land,plain
60214770,antifungal.n.01,"an antibiotic derived from penicillium mold, used to treat bacterial infections by inhibiting the synthesis of bacterial cell walls.",penicillin G
60215376,deceiver.n.01,"A person who steals wallets, money, and other personal items from people's pockets or bags, often without them noticing.",pickpocket
60375309,artifact.n.01,an obstruction that prevents movement or access.,block
60606896,amide.n.01,"a chemical substance that is released at the end of a nerve fiber and transfers an impulse to another nerve fiber, a muscle fiber, or some other structure.",neurotransmitter
60668084,activity.n.01,"an act of revering or adoring a deity or something sacred, often manifested through rituals, prayers, or songs.",worship
61035709,candy.n.01,"A bathroom fixture refers to any permanent component of a bathroom, such as sinks, toilets, bathtubs, or showers, that is connected to the plumbing system.",bathroom fixture
61388266,rima.n.01,a narrow elongated opening or fissure between two symmetrical parts,rima
61627313,room.n.01,"Objects such as tables, chairs, beds, or cabinets that are used to make a room suitable for living or working.",furniture
61635816,spirit.n.04,a nonphysical part of a person which is the seat of emotions and character; often regarded as synonymous with the soul.,spirit
61853324,singing.n.01,"a style of music vocal performance marked by the use of improvisation, distinctive rhythms, and emotional expression.",jazz singing
62408818,caryophylloid_dicot_family.n.01,family of relatively early dicotyledonous plants including mostly flowers,caryophylloid_dicot_family
62841330,discipline.n.01,"A field of study and work that involves the application of scientific and mathematical principles to design, construct, and maintain structures, machines, and systems.",engineering
63015570,caryophylloid_dicot_family.n.01,family of relatively early dicotyledonous plants including mostly flowers,caryophylloid_dicot_family
63336441,plant_fiber.n.01,fiber derived from plants,plant_fiber
63633117,trouser.n.01,"A traditional garment is clothing specific to a culture, region, or historical period, often worn to symbolize cultural identity or participate in cultural events.",traditional garment
64576544,meat.n.01,a dairy product made from curdled or cultured milk that can vary in texture and flavor depending on the origin and processing method.,cheese
64687077,discolor.v.03,"a substance used to change the color of materials such as fabric, hair, or plastics.",dye
64693533,mariner.n.01,a man who serves as a sailor,mariner
64856142,coin.n.01,"a small unit of currency in various countries, typically the smallest denomination within the currency system.",penny
65411270,trope.n.01,language used in a figurative or nonliteral sense,trope
65557844,cost.n.01,"A decrease in money or resources due to spending, often related to the cost of maintaining or funding something.",expense
65824677,fern_ally.n.01,"A type of small, evergreen plant with scale-like leaves, belonging to the family Lycopodiaceae, resembling true mosses but more closely related to ferns.",club moss
65890875,cooking_utensil.n.01,"a container, typically rounded or cylindrical and of ceramic, metal, or plastic, used for storing or cooking food.",pot
65960228,artifact.n.01,"a replica or imitation gun intended for play or recreational use, especially by children.",toy gun
66668538,potato.n.01,an edible tuber native to South America; a staple food of Ireland,potato
67344811,plaything.n.01,an artifact designed to be played with,plaything
67949798,head_of_state.n.01,A ruler of a state or country who holds a position for life and often inherits the role through a royal family line.,monarch
68246844,indicator.n.04,"a colorant used to impart a yellow hue to materials, such as fabrics and plastics.",yellow dye
68280322,dairy_product.n.01,"Color is the property of objects as perceived by the human eye based on the wavelengths of light they reflect, transmit, or emit.",color
68321683,compete.v.01,"an activity engaged in for enjoyment and recreation, especially by children or as part of a performance in theater or sports.",play
68380669,think_up.v.01,"To devise or invent a plan or story, often ingeniously or with creative skill.",concoct
68575085,lawyer.n.01,a professional person authorized to practice law; conducts lawsuits or gives legal advice,lawyer
70380966,meteorology.n.02,Atmography refers to the process of recording or graphing the atmospheric or weather conditions.,atmography
70494671,movie.n.01,"a sweet food made primarily of sugar or syrup and often combined with fruit, chocolate, or nuts.",candy
71055464,room.n.01,"A type of Italian dish typically made from an unleavened dough of wheat flour mixed with water or eggs, and formed into sheets or various shapes, then cooked by boiling or baking.",pasta
71591839,cheese.n.01,"A property of light as it is reflected by objects, perceived by the eye and interpreted by the brain, based on wavelength, hue, and saturation.",color
71828875,object.n.01,a tangible and visible entity; an entity that can cast a shadow,object
71910823,street.n.01,a thoroughfare (usually including sidewalks) that is lined with buildings,street
71959499,worship.n.01,the activity of worshipping,worship
72432241,chemical_reaction.n.01,(chemistry) a process in which one or more substances are changed into others,chemical_reaction
72553814,pot.n.01,"a baked dish composed primarily of a mix of ingredients such as meat, vegetables, and a starchy binder, often topped with cheese or breadcrumbs.",casserole
73051579,heresy.n.02,a belief that rejects the orthodox tenets of a religion,heresy
73600586,antiprotozoal.n.01,Amphotericin B is an antifungal medication used to treat serious fungal infections and leishmaniasis.,amphotericin b
73616417,negotiation.n.01,Bargaining is the negotiation process between two or more parties aimed at reaching an agreement on terms or prices.,bargaining
73681289,coin.n.01,A piece of metal stamped and issued by the authority of a government for use as money.,coin
73962724,depletion.n.01,"a reduction in the number or quantity of something, typically as a result of continual use or consumption.",depletion
74175857,chromatic_color.n.01,"Color is a property of light as seen by people, typically resulting from the light’s spectrum of wavelengths being divided into different hues such as red, green, blue, and others.",color
75051801,room.n.01,"A strong-smelling, soft cheese originally from the historical Duchy of Limburg, now divided among three countries: Belgium, Germany, and the Netherlands.",limburger cheese
75787772,color.n.01,"the characteristic of sound that is pleasing to the ear, often achieved through well-structured harmony, melody, or rhythm.",musical quality
75944980,meat.n.01,a dairy product made from curdled or cultured milk that is aged and varied in texture and flavor depending on the process and type used.,cheese
75964288,rima.n.01,"A soft spot on a baby's head where the skull bones have not yet fused, allowing for brain growth and development during the first months of life.",anterior fontanelle
76066166,person.n.01,"a person who supports or follows a leader, party, or ideology.",adherent
76100398,candy.n.01,"A soft-bodied invertebrate of the phylum Mollusca, typically with a hard outer shell and including creatures such as snails, clams, and octopuses.",mollusk
76425345,cheese.n.01,"A garment typically with sleeves, fastened at the front and extending below the hips, worn outdoors to keep warm or as a fashion item.",coat
77106105,thoroughfare.n.01,"A paved public road in a town or city, typically with houses and buildings on one or both sides.",street
77132310,garment.n.01,"Covers the body from the waist to the ankles or knees, typically including pants, skirts, and shorts.",lower garment
77232534,room.n.01,"ornamental items worn for personal adornment, such as rings, necklaces, earrings, and bracelets, typically made from or containing jewels and precious metals.",jewelry
77312726,candy.n.01,a process involving the division or incision of a material or object using a sharp tool or machine.,cutting
77358840,unpleasant_person.n.01,"A person who brags about themselves or their achievements, often exaggerating the truth.",boaster
77490593,purchase.n.02,"the act of acquiring something, such as a skill, asset, or property, often implying a strategic or valuable addition.",acquisition
77726888,tool.n.01,A tool or procedure used to make holes or to practice a skill repetitively.,drill
78735978,end.v.02,to carry out or perform an action or task according to a plan or order.,execute
79077085,room.n.01,"Ornamental objects worn for personal adornment, typically made from or containing jewels and precious metals.",jewelry
79212243,furniture.n.01,"a large and elaborate meal, often celebrating a particular event or occasion.",feast
79606917,candy.n.01,"A space within a building enclosed by walls, a floor, and a ceiling.",room
79918827,laborer.n.01,A person who works in a mine extracting minerals or other geological materials.,miner
80289373,location.n.01,"a large geographic area distinguished by specific characteristics, cultural identity, or natural features.",region
80371125,spirit.n.04,"a mythical being or legendary creature in folklore, often depicted as small and humanlike in form, with magical powers and a penchant for mischief or benevolence.",fairy
80540387,quantify.v.02,"A verb referring to the action of determining the total number of items in a collection or group, or a noun denoting a noble title in European countries.",count
81135077,device.n.01,"a system of parts working together in a machine or an organism, often involving a process that is necessary for a specific function.",mechanism
81303945,candy.n.01,A room or area where food is prepared and cooked.,kitchen
81435593,worm.n.01,"A nematode is a type of unsegmented worm belonging to the phylum Nematoda, commonly found in soil and water or as parasites of plants and animals.",nematode
82282590,negotiation.n.01,a discussion intended to produce an agreement,negotiation
82696415,solid.n.01,"A hard, brittle substance typically transparent or translucent, made by fusing sand with soda, lime, and sometimes other ingredients and cooling rapidly.",glass
82916016,vehicle.n.01,Craft refers to the skills and techniques involved in creating handmade or artistic works.,craft
83084473,gastropod.n.01,"a slow-moving mollusk with a spiral shell, typically retracting into its shell for protection.",snail
83418847,coat.n.01,"A garment typically with sleeves and a length extending from the shoulders to somewhere between the hips and the knees, worn outdoors to protect the wearer from the weather or for fashion.",coat
84089324,cheese.n.01,"A perennial plant with a woody stem or trunk, normally growing to a significant height and bearing lateral branches at some distance from the ground.",tree
84306831,meat.n.01,"a room used primarily for sleeping, living, or carrying out specific activities such as a meeting or legislative session.",chamber
84510135,discolor.v.03,"a substance used to change the color of materials such as textiles, hair, or paper.",dye
84788890,popular_music.n.01,"a music genre originating from African American communities in the early 20th century, characterized by swing, blue notes, improvisation, and complex harmonies.",jazz
84985982,genetic_disease.n.01,"a disorder caused by abnormalities in an individual's DNA, often resulting in the malfunctioning of normal bodily functions.",genetic disease
85191733,cheese.n.01,"A heavy, long coat worn especially for warmth in cold weather.",greatcoat
86119145,device.n.01,A system of parts working together in a machine or an interrelated group of elements that function collaboratively within a process or control.,mechanism
86340862,shame.n.01,A feeling of self-conscious discomfort or awkwardness caused by a situation that might lead to shame or humiliation.,embarrassment
86341828,guitar.n.01,"A musical device consisting of a body with strings stretched over it, which produce sound when plucked, bowed, or struck.",stringed instrument
86537356,nonsense.n.01,a message that seems to convey no meaning,nonsense
86701636,pot.n.01,metal or earthenware cooking vessel that is usually round and deep; often has a handle and lid,pot
86714939,plan_of_action.n.01,a plan for actively doing something,plan_of_action
87574583,draw.v.06,"a rough or unfinished drawing or painting, often made to assist in making a more finished picture.",sketch
87699711,play.v.01,participate in games or sport,play
88016571,evil_spirit.n.01,a spirit tending to cause harm,evil_spirit
88087492,engineering.n.02,the discipline dealing with the art or science of applying scientific knowledge to practical problems,engineering
89227603,sauce.n.01,"A thick, creamy dressing or condiment made from oil, egg yolks, lemon juice or vinegar, and seasonings.",mayonnaise
89539854,head_of_state.n.01,"a word or phrase that serves as the name of a book, document, piece of music, or other work, often reflecting its theme or subject.",title
89926787,nonreligious_person.n.01,a person who does not manifest devotion to a deity,nonreligious_person
90244932,branch.n.02,A ceremonial or symbolic headgear worn by monarchs as a token of power and sovereignty.,crown
90493027,expense.n.01,amounts paid for goods and services that may be currently tax deductible (as opposed to capital expenditures),expense
90613035,surpass.v.02,be or do something to a greater degree,surpass
91368797,mechanism.n.05,device consisting of a piece of machinery; has moving parts that perform some function,mechanism
91784299,mercantile_establishment.n.01,a place of business for retailing goods,mercantile_establishment
91790573,professional.n.01,"A professional authorized to practice law, who advises or represents clients in legal matters.",lawyer
91834546,furniture.n.01,a piece of metal stamped and issued by the authority of a government for use as money.,coin
92068094,plate.n.14,"Protective clothing made of metal or other strong materials, worn by soldiers and warriors historically to shield themselves during combat.",armor
92311656,penal_institution.n.01,a facility intended for the detention and reformation of individuals convicted of minor offenses.,house of correction
92709444,compound.n.02,"a naturally occurring compound that contains nitrogen and oxygen, commonly used in fertilizers and explosives.",nitrate
93114575,plate.n.14,A protective metal covering used primarily in military applications to shield objects or vehicles from enemy fire.,armor plate
93256557,billfish.n.02,"A large, migratory oceanic fish with a distinctive cobalt-blue coloration on its body and a long, pointed bill.",blue marlin
93407716,trouser.n.01,A piece of clothing that is worn on the body.,garment
93436296,device.n.01,A system of parts working together in a machine or an organized framework or method.,mechanism
93512057,candy.n.01,"Preserved through salting, drying, or smoking to enhance flavor and prolong shelf life.",cured meat
94006560,trust.v.01,the acceptance that a statement is true or that something exists.,believe
94321535,organization.n.01,a group of Baptist churches that have banded together to promote shared beliefs and engage in joint missions and activities.,baptist association
94532154,young.n.01,A young female bovine animal that has not yet borne a calf.,young cow
95171107,tree.n.01,"a sweet fruit with thin skin and many small seeds, often eaten dried.",fig
95228839,tay-sachs_disease.n.01,a hereditary disorder of lipid metabolism occurring most frequently in individuals of Jewish descent in eastern Europe; accumulation of lipids in nervous tissue results in death in early childhood,Tay-Sachs_disease
95325441,blocker.n.02,A drug that reduces muscle tension and relieves pain by inhibiting nerve impulses or by blocking the contraction of muscle fibers.,muscle relaxant
95450946,activity.n.01,a feeling or expression of reverence and adoration for a deity or sacred entity.,worship
95583911,hammer.n.02,a hand tool with a heavy rigid head and a handle; used to deliver an impulsive force by striking,hammer
95718306,worship.n.01,the activity of worshipping,worship
95737828,news.n.02,A sentence typically placed at the top of a newspaper article or web page to quickly convey the subject of the content.,headline
96448597,armor_plate.n.01,specially hardened steel plate used to protect fortifications or vehicles from enemy fire,armor_plate
96482065,artifact.n.01,"a solid piece of hard material, typically with flat surfaces, used as a construction or building unit.",block
96521920,person.n.01,"A person who lacks belief in something, particularly religion or accepted truths.",disbeliever
96850153,lawman.n.01,"A law enforcement officer responsible for maintaining public order and safety, enforcing laws, and preventing, detecting, and investigating crimes.",policeman
98113191,poor_person.n.01,"a person who travels on foot from place to place, often without a permanent home or regular employment.",tramp
98195317,surface.n.01,"the front part of a person's head, from the forehead to the chin, containing the eyes, nose, and mouth.",face
98254655,religious_person.n.01,a person who manifests devotion to a deity,religious_person
98319500,heat.v.01,make hot or hotter,heat
98642787,room.n.01,"A variety of cheese originating from the English county of Gloucestershire, known for its firm texture and rich, creamy flavor.",gloucester cheese
98646702,furniture.n.01,"a piece of metal, often circular in shape, composed primarily of gold and used historically and currently as currency or a store of value.",gold coin
98929226,furniture.n.01,"A thorough change in form, appearance, or character, often associated with a significant shift in function or nature.",transformation
99178779,saint.n.01,a person acknowledged as holy or virtuous and typically regarded as being in heaven after death.,saint
99185892,demonstration.n.05,"A representation, usually at a smaller scale, used to illustrate or simulate the characteristics or behavior of a system or object.",model
99211012,coin.n.01,"A ceremonial or symbolic headpiece worn by a monarch as a symbol of authority, often made of precious metals and jewels.",crown
99410560,tree.n.01,"A type of tree in the genus Ficus that produces the fruit known as figs, commonly grown for its edible fruit and ornamental value.",fig tree
99862294,pervert.n.01,a person whose behavior deviates from what is acceptable especially in sexual behavior,pervert
